id_text,palabra,palNum,palNumGobal,gramm_tag,pred,logit_pred,nCompletadas
1,Sólo,0,487,ADV,,,
1,recuerdo,1,488,VERB,0.0,-2.2380461031287955,87.0
1,esto,2,489,PRON,0.0,-2.232996110392154,86.0
1,como,3,490,SCONJ,0.06976744186046512,-1.1249387366083,86.0
1,prueba,4,491,NOUN,0.0,-2.232996110392154,86.0
1,de,5,492,ADP,0.9186046511627907,1.0525290512761845,86.0
1,que,6,493,SCONJ,0.4186046511627907,-0.14266750356873148,86.0
1,él,7,494,PRON,0.023255813953488372,-1.6232492903979003,86.0
1,anotaba,8,495,VERB,0.0,-2.232996110392154,86.0
1,mis,9,496,DET,0.011627906976744186,-1.9294189257142929,86.0
1,comedias,10,497,NOUN,0.0,-2.232996110392154,86.0
1,en,11,498,ADP,0.5116279069767442,0.02020338608828699,86.0
1,la,12,499,DET,0.05813953488372093,-1.209515014542631,86.0
1,cantina,13,500,NOUN,0.011627906976744186,-1.9294189257142929,86.0
1,Tenía,0,501,VERB,,,
1,un,1,502,DET,0.16883116883116883,-0.6922366216770504,77.0
1,impermeable,2,503,ADJ,0.0,-2.173186268412274,75.0
1,cerrado,3,504,ADJ,0.0,-2.173186268412274,75.0
1,hasta,4,505,ADP,0.12,-0.8653014261025438,75.0
1,el,5,506,DET,0.4533333333333333,-0.0813049396774804,75.0
1,cuello,6,507,NOUN,0.7733333333333333,0.5329790721846633,75.0
1,las,7,508,DET,0.0,-2.173186268412274,75.0
1,manos,8,509,NOUN,0.25333333333333335,-0.4694344260533714,75.0
1,en,9,510,ADP,0.26666666666666666,-0.43933269383026274,75.0
1,los,10,511,DET,0.9066666666666666,0.9874108726919792,75.0
1,bolsillos,11,512,NOUN,0.9333333333333333,1.1461280356782382,75.0
1,Mi,0,986,DET,,,
1,amor,1,987,NOUN,0.022222222222222223,-1.6434526764861874,90.0
1,por,2,988,ADP,0.19101123595505617,-0.6268835750529945,89.0
1,aquella,3,989,DET,0.0,-2.2479732663618064,89.0
1,necesidad,4,990,NOUN,0.0,-2.2479732663618064,89.0
1,había,5,991,AUX,0.011235955056179775,-1.9444826721501687,89.0
1,suprimido,6,992,VERB,0.0,-2.2479732663618064,89.0
1,el,7,993,DET,0.056179775280898875,-1.2253092817258628,89.0
1,pasado,8,994,NOUN,0.011235955056179775,-1.9444826721501687,89.0
1,y,9,995,CCONJ,0.11235955056179775,-0.8976270912904414,89.0
1,toda,10,996,DET,0.011235955056179775,-1.9444826721501687,89.0
1,atadura,11,997,NOUN,0.011235955056179775,-1.9444826721501687,89.0
1,con,12,998,ADP,0.07865168539325842,-1.0687158123694598,89.0
1,el,13,999,DET,0.4157303370786517,-0.14780161956780413,89.0
1,presente,14,1000,NOUN,0.1797752808988764,-0.6592028774645311,89.0
1,Enderezó,0,1259,VERB,,,
1,la,1,1260,DET,0.39603960396039606,-0.18326984368280458,101.0
1,cabeza,2,1261,NOUN,0.15841584158415842,-0.725298943058368,101.0
1,y,3,1262,CCONJ,0.693069306930693,0.353736346179984,101.0
1,continuó,4,1263,VERB,0.019801980198019802,-1.6946051989335686,101.0
1,mirándome,5,1264,VERB,0.009900990099009901,-2.0,101.0
1,en,6,1265,ADP,0.0,-2.303196057420489,101.0
1,silencio,7,1266,NOUN,0.1188118811881188,-0.8702087605972879,101.0
1,Usted,0,1353,PRON,,,
1,no,1,1354,ADV,0.041666666666666664,-1.3617278360175928,96.0
1,se,2,1355,PRON,0.0,-2.271841606536499,94.0
1,va,3,1356,AUX,0.02127659574468085,-1.662757831681574,94.0
1,a,4,1357,ADP,0.925531914893617,1.0944212126043613,94.0
1,casar,5,1358,VERB,0.010638297872340425,-1.9684829485539352,94.0
1,con,6,1359,ADP,0.7127659574468085,0.39471103854183903,94.0
1,ella,7,1360,PRON,0.23404255319148937,-0.5149098156090621,94.0
1,porque,8,1361,SCONJ,0.5106382978723404,0.01848340569401304,94.0
1,usted,9,1362,PRON,0.010638297872340425,-1.9684829485539352,94.0
1,es,10,1363,AUX,0.2765957446808511,-0.4175355647354183,94.0
1,viejo,11,1364,ADJ,0.0,-2.271841606536499,94.0
1,y,12,1365,CCONJ,0.7872340425531915,0.568201724066995,94.0
1,ella,13,1366,PRON,0.23404255319148937,-0.5149098156090621,94.0
1,es,14,1367,AUX,0.776595744680851,0.5411035653865365,94.0
1,joven,15,1368,ADJ,0.8723404255319149,0.834632606336092,94.0
1,No,0,1369,ADV,,,
1,sé,1,1370,VERB,0.14130434782608695,-0.7836837389836047,92.0
1,si,2,1371,SCONJ,0.20652173913043478,-0.584569259167627,92.0
1,usted,3,1372,PRON,0.0,-2.2624510897304293,92.0
1,tiene,4,1373,VERB,0.03260869565217391,-1.4722687519252504,92.0
1,treinta,5,1374,NUM,0.0,-2.2624510897304293,92.0
1,o,6,1375,CCONJ,0.10869565217391304,-0.9138138523837167,92.0
1,cuarenta,7,1376,NUM,0.5652173913043478,0.11394335230683669,92.0
1,años,8,1377,NOUN,0.6847826086956522,0.3369425515546257,92.0
1,no,9,1378,ADV,0.03260869565217391,-1.4722687519252504,92.0
1,importa,10,1379,VERB,0.010869565217391304,-1.9590413923210934,92.0
1,Claro,0,1422,ADV,,,
1,que,1,1423,SCONJ,0.6701030927835051,0.3077633783229495,97.0
1,usted,2,1424,PRON,0.0,-2.2810333672477277,96.0
1,tiene,3,1425,VERB,0.07291666666666667,-1.1042919666306559,96.0
1,motivos,4,1426,NOUN,0.0,-2.2810333672477277,96.0
1,para,5,1427,ADP,0.8958333333333334,0.9344984512435679,96.0
1,creer,6,1428,VERB,0.07291666666666667,-1.1042919666306559,96.0
1,en,7,1429,ADP,0.20833333333333334,-0.5797835966168101,96.0
1,lo,8,1430,PRON,0.09375,-0.9852767431792937,96.0
1,extraordinario,9,1431,ADJ,0.0,-2.2810333672477277,96.0
1,suyo,10,1432,DET,0.0,-2.2810333672477277,96.0
1,Está,0,1542,AUX,,,
1,atado,1,1543,ADJ,0.0,-2.2900346113625183,98.0
1,a,2,1544,ADP,0.6979166666666666,0.36367680480187026,96.0
1,cosas,3,1545,NOUN,0.0,-2.2810333672477277,96.0
1,miserables,4,1546,ADJ,0.0,-2.2810333672477277,96.0
1,y,5,1547,CCONJ,0.23958333333333334,-0.5015950241028629,96.0
1,son,6,1548,AUX,0.0,-2.2810333672477277,96.0
1,las,7,1549,DET,0.020833333333333332,-1.6720978579357175,96.0
1,cosas,8,1550,NOUN,0.15625,-0.7323937598229685,96.0
1,las,9,1551,DET,0.052083333333333336,-1.2600713879850747,96.0
1,que,10,1552,PRON,0.9166666666666666,1.041392685158225,96.0
1,lo,11,1553,PRON,0.46875,-0.0543576623225927,96.0
1,arrastran,12,1554,VERB,0.0,-2.2810333672477277,96.0
1,La,0,1618,DET,,,
1,música,1,1619,NOUN,0.011494252873563218,-1.9344984512435677,87.0
1,era,2,1620,AUX,0.05747126436781609,-1.214843848047698,87.0
1,poco,3,1621,ADV,0.0,-2.2380461031287955,87.0
1,fuerte;,4,1622,ADJ,0.034482758620689655,-1.4471580313422192,87.0
1,alguien,5,1623,PRON,0.011494252873563218,-1.9344984512435677,87.0
1,cantaba,6,1624,VERB,0.022988505747126436,-1.6283889300503116,87.0
1,dulcemente,7,1625,ADV,0.0,-2.2380461031287955,87.0
1,en,8,1626,ADP,0.14942528735632185,-0.7552883674241394,87.0
1,el,9,1627,DET,0.28735632183908044,-0.3944516808262163,87.0
1,interior,10,1628,NOUN,0.011494252873563218,-1.9344984512435677,87.0
1,de,11,1629,ADP,0.8045977011494253,0.6146491186359829,87.0
1,grandes,12,1630,ADJ,0.0,-2.2380461031287955,87.0
1,pausas,13,1631,NOUN,0.0,-2.2380461031287955,87.0
1,No,0,1711,ADV,,,
1,había,1,1712,AUX,0.011111111111111112,-1.9493900066449128,90.0
1,ya,2,1713,ADV,0.0,-2.2528530309798933,90.0
1,experiencias,3,1714,NOUN,0.0,-2.2528530309798933,90.0
1,nada,4,1715,NOUN,0.03333333333333333,-1.462397997898956,90.0
1,más,5,1716,ADV,0.1111111111111111,-0.9030899869919435,90.0
1,que,6,1717,SCONJ,0.5666666666666667,0.11650556907143717,90.0
1,costumbre,7,1718,NOUN,0.0,-2.2528530309798933,90.0
1,y,8,1719,CCONJ,0.5222222222222223,0.038629402356131,90.0
1,repeticiones,9,1720,NOUN,0.022222222222222223,-1.6434526764861874,90.0
1,Ausente,0,2285,ADV,,,
1,y,1,2286,CCONJ,0.056179775280898875,-1.2253092817258628,89.0
1,perdida,2,2287,ADJ,0.011363636363636364,-1.9395192526186185,88.0
1,para,3,2288,ADP,0.0,-2.2430380486862944,88.0
1,siempre,4,2289,ADV,0.056818181818181816,-1.2201080880400552,88.0
1,podía,5,2290,AUX,0.0,-2.2430380486862944,88.0
1,conservarse,6,2291,VERB,0.0,-2.2430380486862944,88.0
1,viviente,7,2292,ADV,0.0,-2.2430380486862944,88.0
1,e,8,2293,CCONJ,0.0,-2.2430380486862944,88.0
1,intacta,9,2294,ADJ,0.09090909090909091,-1.0,88.0
1,Todo,0,2514,DET,,,
1,el,1,2515,DET,0.058823529411764705,-1.2041199826559248,102.0
1,tiempo,2,2516,NOUN,0.16831683168316833,-0.6938303646836077,101.0
1,pensando,3,2517,VERB,0.0,-2.303196057420489,101.0
1,en,4,2518,ADP,0.7623762376237624,0.5062794834608759,101.0
1,Bob,5,2519,PROPN,0.0,-2.303196057420489,101.0
1,en,6,2520,ADP,0.009900990099009901,-2.0,101.0
1,su,7,2521,DET,0.297029702970297,-0.37413709399941286,101.0
1,pureza,8,2522,NOUN,0.0,-2.303196057420489,101.0
1,su,9,2523,DET,0.18811881188118812,-0.6350602514308877,101.0
1,fe,10,2524,NOUN,0.009900990099009901,-2.0,101.0
1,en,11,2525,ADP,0.019801980198019802,-1.6946051989335686,101.0
1,la,12,2526,DET,0.0297029702970297,-1.5141048209728325,101.0
1,audacia,13,2527,NOUN,0.009900990099009901,-2.0,101.0
1,de,14,2528,ADP,0.38613861386138615,-0.20132708247175468,101.0
1,sus,15,2529,DET,0.13861386138613863,-0.7933912169403804,101.0
1,pasados,16,2530,ADJ,0.009900990099009901,-2.0,101.0
1,sueños,17,2531,NOUN,0.009900990099009901,-2.0,101.0
1,Nadie,0,2656,PRON,,,
1,amó,1,2657,VERB,0.0,-2.2576785748691846,91.0
1,a,2,2658,ADP,0.3333333333333333,-0.30102999566398125,90.0
1,mujer,3,2659,NOUN,0.011111111111111112,-1.9493900066449128,90.0
1,alguna,4,2660,DET,0.1111111111111111,-0.9030899869919435,90.0
1,con,5,2661,ADP,0.022222222222222223,-1.6434526764861874,90.0
1,la,6,2662,DET,0.15555555555555556,-0.7346855566025534,90.0
1,fuerza,7,2663,NOUN,0.06666666666666667,-1.1461280356782382,90.0
1,con,8,2664,ADP,0.23333333333333334,-0.516629796003336,90.0
1,que,9,2665,PRON,0.2222222222222222,-0.5440680443502757,90.0
1,yo,10,2666,PRON,0.4888888888888889,-0.01930515519538663,90.0
1,amo,11,2667,VERB,0.05555555555555555,-1.2304489213782739,90.0
1,su,12,2668,DET,0.011111111111111112,-1.9493900066449128,90.0
1,ruindad,13,2669,NOUN,0.022222222222222223,-1.6434526764861874,90.0
1,Es,0,2759,AUX,,,
1,todavía,1,2760,ADV,0.0,-2.2671717284030137,93.0
1,un,2,2761,DET,0.1,-0.9542425094393249,90.0
1,recién,3,2762,ADV,0.0,-2.2528530309798933,90.0
1,llegado,4,2763,ADJ,0.23333333333333334,-0.516629796003336,90.0
1,y,5,2764,CCONJ,0.06666666666666667,-1.1461280356782382,90.0
1,de,6,2765,ADP,0.011111111111111112,-1.9493900066449128,90.0
1,vez,7,2766,NOUN,0.03333333333333333,-1.462397997898956,90.0
1,en,8,2767,ADP,0.9777777777777777,1.6434526764861868,90.0
1,cuando,9,2768,PRON,0.9555555555555556,1.3324384599156058,90.0
1,sufre,10,2769,VERB,0.011111111111111112,-1.9493900066449128,90.0
1,sus,11,2770,DET,0.011111111111111112,-1.9493900066449128,90.0
1,crisis,12,2771,NOUN,0.03333333333333333,-1.462397997898956,90.0
1,de,13,2772,ADP,0.4888888888888889,-0.01930515519538663,90.0
1,nostalgia,14,2773,NOUN,0.05555555555555555,-1.2304489213782739,90.0
1,En,0,2811,ADP,,,
1,el,1,2812,DET,0.07228915662650602,-1.1083394747888382,83.0
1,fondo,2,2813,NOUN,0.024390243902439025,-1.6020599913279623,82.0
1,sé,3,2814,VERB,0.012195121951219513,-1.9084850188786497,82.0
1,que,4,2815,SCONJ,0.8780487804878049,0.8573324964312685,82.0
1,no,5,2816,ADV,0.2804878048780488,-0.4091241756245512,82.0
1,se,6,2817,PRON,0.08536585365853659,-1.0299632233774432,82.0
1,irá,7,2818,VERB,0.0,-2.2121876044039577,82.0
1,nunca,8,2819,ADV,0.07317073170731707,-1.1026623418971477,82.0
1,porque,9,2820,SCONJ,0.012195121951219513,-1.9084850188786497,82.0
1,no,10,2821,ADV,0.34146341463414637,-0.2852357284807492,82.0
1,tiene,11,2822,VERB,0.23170731707317074,-0.5205869485007528,82.0
1,sitio,12,2823,NOUN,0.0,-2.2121876044039577,82.0
1,donde,13,2824,PRON,0.524390243902439,0.042403848553087355,82.0
1,ir,14,2825,VERB,0.7195121951219512,0.4091241756245513,82.0
0,Dejé,0,105,VERB,,,
0,mi,1,106,DET,0.02247191011235955,-1.6384892569546374,89.0
0,bicicleta,2,107,NOUN,0.0,-2.2430380486862944,88.0
0,contra,3,108,ADP,0.011363636363636364,-1.9395192526186185,88.0
0,las,4,109,DET,0.0,-2.2430380486862944,88.0
0,rejas,5,110,NOUN,0.45454545454545453,-0.07918124604762482,88.0
0,y,6,111,CCONJ,0.18181818181818182,-0.6532125137753436,88.0
0,fui,7,112,AUX,0.03409090909090909,-1.4522976709946303,88.0
0,a,8,113,ADP,0.7840909090909091,0.5600954897844264,88.0
0,ver,9,114,VERB,0.056818181818181816,-1.2201080880400552,88.0
0,los,10,115,DET,0.022727272727272728,-1.6334684555795866,88.0
0,tulipanes,11,116,NOUN,0.03409090909090909,-1.4522976709946303,88.0
0,Me,0,140,PRON,,,
0,quedé,1,141,VERB,0.0,-2.294466226161593,99.0
0,una,2,142,DET,0.0,-2.285557309007774,97.0
0,hora,3,143,NOUN,0.18556701030927836,-0.6423545861871354,97.0
0,mirándolos,4,144,NOUN,0.0,-2.285557309007774,97.0
0,y,5,145,CCONJ,0.09278350515463918,-0.9902401627108437,97.0
0,salí,6,146,VERB,0.010309278350515464,-1.9822712330395684,97.0
0,incapaz,7,147,ADJ,0.010309278350515464,-1.9822712330395684,97.0
0,de,8,148,ADP,0.9690721649484536,1.4960065988800362,97.0
0,otra,9,149,DET,0.020618556701030927,-1.6766936096248666,97.0
0,cosa,10,150,NOUN,0.5051546391752577,0.008954842652926412,97.0
0,El,0,290,DET,,,
0,guardián,1,291,PROPN,0.0,-2.1958996524092336,79.0
0,de,2,292,ADP,0.6363636363636364,0.24303804868629442,77.0
0,los,3,293,DET,0.03896103896103896,-1.3921104650113136,77.0
0,acuarios,4,294,NOUN,0.0,-2.184691430817599,77.0
0,sonreía,5,295,VERB,0.0,-2.184691430817599,77.0
0,perplejo,6,296,NOUN,0.012987012987012988,-1.8808135922807914,77.0
0,al,7,297,ADP,0.11688311688311688,-0.8782664032669114,77.0
0,recibir,8,298,VERB,0.025974025974025976,-1.5740312677277188,77.0
0,el,9,299,DET,0.12987012987012986,-0.8260748027008264,77.0
0,billete,10,300,NOUN,0.025974025974025976,-1.5740312677277188,77.0
0,Me,0,301,PRON,,,
0,apoyaba,1,302,VERB,0.0,-2.2278867046136734,85.0
0,en,2,303,ADP,0.5238095238095238,0.04139268515822507,84.0
0,la,3,304,DET,0.2619047619047619,-0.4499690086760476,84.0
0,barra,4,305,NOUN,0.0,-2.2227164711475833,84.0
0,de,5,306,ADP,0.40476190476190477,-0.16749108729376366,84.0
0,hierro,6,307,NOUN,0.023809523809523808,-1.6127838567197355,84.0
0,que,7,308,PRON,0.14285714285714285,-0.7781512503836436,84.0
0,bordea,8,309,VERB,0.0,-2.2227164711475833,84.0
0,los,9,310,DET,0.011904761904761904,-1.919078092376074,84.0
0,acuarios,10,311,NOUN,0.011904761904761904,-1.919078092376074,84.0
0,y,11,312,CCONJ,0.14285714285714285,-0.7781512503836436,84.0
0,me,12,313,PRON,0.25,-0.4771212547196625,84.0
0,ponía,13,314,VERB,0.023809523809523808,-1.6127838567197355,84.0
0,a,14,315,ADP,0.44047619047619047,-0.10389613386872251,84.0
0,mirarlos,15,316,NOUN,0.011904761904761904,-1.919078092376074,84.0
0,Pero,0,1019,CCONJ,,,
0,una,1,1020,DET,0.020618556701030927,-1.6766936096248666,97.0
0,lagartija,2,1021,NOUN,0.0,-2.285557309007774,97.0
0,tiene,3,1022,VERB,0.030927835051546393,-1.4960065988800362,97.0
0,también,4,1023,ADV,0.0,-2.285557309007774,97.0
0,manos,5,1024,NOUN,0.0,-2.285557309007774,97.0
0,así,6,1025,ADV,0.0,-2.285557309007774,97.0
0,y,7,1026,CCONJ,0.05154639175257732,-1.2648178230095364,97.0
0,en,8,1027,ADP,0.0,-2.285557309007774,97.0
0,nada,9,1028,NOUN,0.0,-2.285557309007774,97.0
0,se,10,1029,PRON,0.6701030927835051,0.3077633783229495,97.0
0,nos,11,1030,PRON,0.0,-2.285557309007774,97.0
0,parece,12,1031,VERB,0.6494845360824743,0.26786163241132666,97.0
0,Me,0,1119,PRON,,,
0,sorprendía,1,1120,VERB,0.0,-2.2121876044039577,82.0
0,musitando,2,1121,VERB,0.0,-2.1958996524092336,79.0
0,palabras,3,1122,NOUN,0.05063291139240506,-1.2730012720637376,79.0
0,de,4,1123,ADP,0.0379746835443038,-1.403692337561129,79.0
0,consuelo,5,1124,NOUN,0.012658227848101266,-1.8920946026904804,79.0
0,transmitiendo,6,1125,VERB,0.012658227848101266,-1.8920946026904804,79.0
0,pueriles,7,1126,ADJ,0.0,-2.1958996524092336,79.0
0,esperanzas,8,1127,PROPN,0.02531645569620253,-1.5854607295085006,79.0
0,Los,0,1181,DET,,,
0,axolotl,1,1182,NOUN,0.0,-2.3521825181113627,113.0
0,eran,2,1183,AUX,0.036036036036036036,-1.4273237863572472,111.0
0,como,3,1184,SCONJ,0.02702702702702703,-1.5563025007672873,111.0
0,testigos,4,1185,NOUN,0.018018018018018018,-1.7363965022766423,111.0
0,de,5,1186,ADP,0.8738738738738738,0.8406436985880067,111.0
0,algo,6,1187,PRON,0.05405405405405406,-1.2430380486862944,111.0
0,y,7,1188,CCONJ,0.09009009009009009,-1.0043213737826426,111.0
0,a,8,1189,ADP,0.07207207207207207,-1.1097472377132287,111.0
0,veces,9,1190,NOUN,0.38738738738738737,-0.1990404571266498,111.0
0,como,10,1191,SCONJ,0.05405405405405406,-1.2430380486862944,111.0
0,horribles,11,1192,NOUN,0.036036036036036036,-1.4273237863572472,111.0
0,jueces,12,1193,ADJ,0.12612612612612611,-0.8406436985880069,111.0
0,Eran,0,1209,AUX,,,
0,larvas,1,1210,ADJ,0.0,-2.2576785748691846,91.0
0,pero,2,1211,CCONJ,0.1,-0.9542425094393249,90.0
0,larva,3,1212,NOUN,0.0,-2.2528530309798933,90.0
0,quiere,4,1213,VERB,0.0,-2.2528530309798933,90.0
0,decir,5,1214,NOUN,0.28888888888888886,-0.39120662601306927,90.0
0,máscara,6,1215,PROPN,0.022222222222222223,-1.6434526764861874,90.0
0,y,7,1216,CCONJ,0.13333333333333333,-0.8129133566428557,90.0
0,también,8,1217,ADV,0.07777777777777778,-1.073980052361817,90.0
0,fantasma,9,1218,ADJ,0.06666666666666667,-1.1461280356782382,90.0
0,Lejos,0,1301,ADV,,,
0,del,1,1302,ADP,0.022727272727272728,-1.6334684555795866,88.0
0,acuario,2,1303,NOUN,0.023529411764705882,-1.6180480967120927,85.0
0,no,3,1304,ADV,0.03529411764705882,-1.4366925976640543,85.0
0,hacía,4,1305,VERB,0.023529411764705882,-1.6180480967120927,85.0
0,más,5,1306,ADV,0.09411764705882353,-0.9834007381805383,85.0
0,que,6,1307,SCONJ,0.5176470588235295,0.03066881976645205,85.0
0,pensar,7,1308,VERB,0.17647058823529413,-0.6690067809585756,85.0
0,en,8,1309,ADP,0.8705882352941177,0.8278390345727512,85.0
0,ellos,9,1310,PRON,0.058823529411764705,-1.2041199826559248,85.0
0,era,10,1311,AUX,0.023529411764705882,-1.6180480967120927,85.0
0,como,11,1312,ADP,0.15294117647058825,-0.7433891441244316,85.0
0,si,12,1313,SCONJ,0.5882352941176471,0.15490195998574316,85.0
0,me,13,1314,PRON,0.03529411764705882,-1.4366925976640543,85.0
0,influyeran,14,1315,VERB,0.023529411764705882,-1.6180480967120927,85.0
0,a,15,1316,ADP,0.07058823529411765,-1.1194758409067977,85.0
0,distancia,16,1317,NOUN,0.08235294117647059,-1.0469965626762237,85.0
0,Acaso,0,1344,ADV,,,
0,sus,1,1345,DET,0.0,-2.2576785748691846,91.0
0,ojos,2,1346,NOUN,0.07954545454545454,-1.0633869788643928,88.0
0,veían,3,1347,VERB,0.022727272727272728,-1.6334684555795866,88.0
0,en,4,1348,ADP,0.0,-2.2430380486862944,88.0
0,plena,5,1349,ADJ,0.0,-2.2430380486862944,88.0
0,noche,6,1350,NOUN,0.19318181818181818,-0.6208094273408014,88.0
0,y,7,1351,CCONJ,0.06818181818181818,-1.135662602000073,88.0
0,el,8,1352,DET,0.011363636363636364,-1.9395192526186185,88.0
0,día,9,1353,NOUN,0.10227272727272728,-0.9433845818511165,88.0
0,continuaba,10,1354,VERB,0.011363636363636364,-1.9395192526186185,88.0
0,para,11,1355,ADP,0.03409090909090909,-1.4522976709946303,88.0
0,ellos,12,1356,PRON,0.03409090909090909,-1.4522976709946303,88.0
0,indefinidamente,13,1357,ADV,0.011363636363636364,-1.9395192526186185,88.0
0,Sufrían,0,1390,PROPN,,,
0,cada,1,1391,DET,0.0,-2.285557309007774,97.0
0,fibra,2,1392,NOUN,0.010416666666666666,-1.9777236052888478,96.0
0,de,3,1393,ADP,0.90625,0.9852767431792936,96.0
0,mi,4,1394,DET,0.03125,-1.4913616938342726,96.0
0,cuerpo,5,1395,NOUN,0.7083333333333334,0.38535088136401713,96.0
0,alcanzaba,6,1396,VERB,0.010416666666666666,-1.9777236052888478,96.0
0,ese,7,1397,DET,0.010416666666666666,-1.9777236052888478,96.0
0,sufrimiento,8,1398,NOUN,0.0625,-1.1760912590556813,96.0
0,amordazado,9,1399,ADJ,0.0,-2.2810333672477277,96.0
0,Yo,0,1627,PRON,,,
0,era,1,1628,AUX,0.03571428571428571,-1.4313637641589874,84.0
0,un,2,1629,DET,0.4074074074074074,-0.16272729749769974,81.0
0,axolotl,3,1630,NOUN,0.0,-2.2068258760318495,81.0
0,y,4,1631,CCONJ,0.16049382716049382,-0.7185655603993996,81.0
0,sabía,5,1632,VERB,0.037037037037037035,-1.414973347970818,81.0
0,ahora,6,1633,ADV,0.024691358024691357,-1.5965970956264601,81.0
0,instantáneamente,7,1634,ADJ,0.037037037037037035,-1.414973347970818,81.0
0,que,8,1635,SCONJ,0.5679012345679012,0.11868978733129837,81.0
0,ninguna,9,1636,DET,0.04938271604938271,-1.2844307338445196,81.0
0,comprensión,10,1637,NOUN,0.037037037037037035,-1.414973347970818,81.0
0,era,11,1638,AUX,0.37037037037037035,-0.230448921378274,81.0
0,posible,12,1639,ADJ,0.30864197530864196,-0.3502480183341628,81.0
0,Él,0,1640,PRON,,,
0,estaba,1,1641,AUX,0.028846153846153848,-1.52720011906298,104.0
0,fuera,2,1642,ADV,0.0,-2.307496037913213,102.0
0,del,3,1643,ADP,0.029411764705882353,-1.5185139398778875,102.0
0,acuario,4,1644,NOUN,0.00980392156862745,-2.0043213737826426,102.0
0,su,5,1645,DET,0.0196078431372549,-1.6989700043360187,102.0
0,pensamiento,6,1646,NOUN,0.0196078431372549,-1.6989700043360187,102.0
0,era,7,1647,AUX,0.18627450980392157,-0.6403244914232449,102.0
0,un,8,1648,DET,0.049019607843137254,-1.287801729930226,102.0
0,pensamiento,9,1649,NOUN,0.0196078431372549,-1.6989700043360187,102.0
0,fuera,10,1650,ADV,0.0392156862745098,-1.3891660843645326,102.0
0,del,11,1651,ADP,0.11764705882352941,-0.8750612633917001,102.0
0,acuario,12,1652,NOUN,0.23529411764705882,-0.5118833609788743,102.0
0,Me,0,1797,PRON,,,
0,pareció,1,1798,VERB,0.010309278350515464,-1.9822712330395684,97.0
0,que,2,1799,SCONJ,0.3368421052631579,-0.29419057113367575,95.0
0,no,3,1800,ADV,0.17894736842105263,-0.6616456813122065,95.0
0,se,4,1801,PRON,0.010526315789473684,-1.9731278535996986,95.0
0,interesaba,5,1802,VERB,0.0,-2.2764618041732443,95.0
0,tanto,6,1803,ADV,0.0,-2.2764618041732443,95.0
0,por,7,1804,ADP,0.2736842105263158,-0.42387574276643736,95.0
0,nosotros,8,1805,PRON,0.010526315789473684,-1.9731278535996986,95.0
0,que,9,1806,PRON,0.05263157894736842,-1.255272505103306,95.0
0,obedecía,10,1807,VERB,0.010526315789473684,-1.9731278535996986,95.0
0,a,11,1808,ADP,0.6842105263157895,0.3357921019231932,95.0
0,una,12,1809,DET,0.07368421052631578,-1.0993846321359118,95.0
0,costumbre,13,1810,NOUN,0.031578947368421054,-1.486666572625893,95.0
0,Me,0,1923,PRON,,,
0,parece,1,1924,VERB,0.15625,-0.7323937598229685,96.0
0,que,2,1925,SCONJ,0.7659574468085106,0.5149098156090621,94.0
0,de,3,1926,ADP,0.0,-2.271841606536499,94.0
0,todo,4,1927,DET,0.05319148936170213,-1.250420002308894,94.0
0,esto,5,1928,PRON,0.05319148936170213,-1.250420002308894,94.0
0,alcancé,6,1929,VERB,0.0,-2.271841606536499,94.0
0,a,7,1930,ADP,0.425531914893617,-0.13033376849500614,94.0
0,comunicarle,8,1931,VERB,0.0,-2.271841606536499,94.0
0,algo,9,1932,PRON,0.07446808510638298,-1.0944212126043618,94.0
0,en,10,1933,ADP,0.010638297872340425,-1.9684829485539352,94.0
0,los,11,1934,DET,0.010638297872340425,-1.9684829485539352,94.0
0,primeros,12,1935,ADJ,0.0425531914893617,-1.3521825181113625,94.0
0,días,13,1936,NOUN,0.2872340425531915,-0.3947110385418391,94.0
5,Este,0,336,DET,,,
5,resumen,1,337,NOUN,0.0,-2.2764618041732443,95.0
5,que,2,338,PRON,0.021052631578947368,-1.667452952889954,95.0
5,publico,3,339,ADJ,0.0,-2.2764618041732443,95.0
5,ahora,4,340,ADV,0.021052631578947368,-1.667452952889954,95.0
5,tiene,5,341,VERB,0.07368421052631578,-1.0993846321359118,95.0
5,necesariamente,6,342,ADV,0.0,-2.2764618041732443,95.0
5,que,7,343,SCONJ,0.2631578947368421,-0.44715803134221926,95.0
5,ser,8,344,AUX,0.5157894736842106,0.0274382483469397,95.0
5,imperfecto,9,345,ADJ,0.010526315789473684,-1.9731278535996986,95.0
5,Puedo,0,928,AUX,,,
5,aventurarme,1,929,VERB,0.0,-2.2764618041732443,95.0
5,a,2,930,ADP,0.5913978494623656,0.16057909287743377,93.0
5,manifestar,3,931,VERB,0.0,-2.2671717284030137,93.0
5,mi,4,932,DET,0.17204301075268819,-0.682370742516557,93.0
5,convicción,5,933,NOUN,0.0,-2.2671717284030137,93.0
5,sobre,6,934,ADP,0.13978494623655913,-0.7891466346851068,93.0
5,el,7,935,DET,0.13978494623655913,-0.7891466346851068,93.0
5,gran,8,936,ADJ,0.0,-2.2671717284030137,93.0
5,valor,9,937,NOUN,0.010752688172043012,-1.9637878273455551,93.0
5,de,10,938,ADP,0.8172043010752689,0.6503646709025176,93.0
5,estos,11,939,DET,0.0,-2.2671717284030137,93.0
5,estudios,12,940,NOUN,0.010752688172043012,-1.9637878273455551,93.0
5,Es,0,1082,AUX,,,
5,ésta,1,1083,PRON,0.0,-2.2764618041732443,95.0
5,la,2,1084,DET,0.782608695652174,0.5563025007672873,92.0
5,doctrina,3,1085,NOUN,0.0,-2.2624510897304293,92.0
5,de,4,1086,ADP,0.358695652173913,-0.2523380717642567,92.0
5,Malthus,5,1087,PROPN,0.0,-2.2624510897304293,92.0
5,aplicada,6,1088,ADJ,0.010869565217391304,-1.9590413923210934,92.0
5,al,7,1089,ADP,0.03260869565217391,-1.4722687519252504,92.0
5,conjunto,8,1090,NOUN,0.0,-2.2624510897304293,92.0
5,de,9,1091,ADP,0.9347826086956522,1.1563472008599245,92.0
5,los,10,1092,DET,0.17391304347826086,-0.6766936096248666,92.0
5,reinos,11,1093,NOUN,0.0,-2.2624510897304293,92.0
5,animal,12,1094,ADJ,0.010869565217391304,-1.9590413923210934,92.0
5,y,13,1095,CCONJ,0.7717391304347826,0.5290390539851559,92.0
5,vegetal,14,1096,NOUN,0.8152173913043478,0.644612342013426,92.0
5,En,0,1225,ADP,,,
5,el,1,1226,DET,0.10752688172043011,-0.919078092376074,93.0
5,capítulo,2,1227,NOUN,0.0,-2.2576785748691846,91.0
5,siguiente,3,1228,ADJ,0.10989010989010989,-0.9084850188786497,91.0
5,discutiré,4,1229,VERB,0.0,-2.2576785748691846,91.0
5,las,5,1230,DET,0.04395604395604396,-1.3374592612906562,91.0
5,complejas,6,1231,NOUN,0.0,-2.2576785748691846,91.0
5,y,7,1232,CCONJ,0.01098901098901099,-1.9542425094393248,91.0
5,poco,8,1233,ADV,0.03296703296703297,-1.4673614174305063,91.0
5,conocidas,9,1234,ADJ,0.054945054945054944,-1.235528446907549,91.0
5,leyes,10,1235,NOUN,0.12087912087912088,-0.8616973018337185,91.0
5,de,11,1236,ADP,0.8241758241758241,0.6709412807357751,91.0
5,la,12,1237,DET,0.6593406593406593,0.28678955654937094,91.0
5,variación,13,1238,NOUN,0.01098901098901099,-1.9542425094393248,91.0
5,En,0,1360,ADP,,,
5,el,1,1361,DET,0.0707070707070707,-1.1186897873312984,99.0
5,último,2,1362,ADJ,0.0,-2.271841606536499,94.0
5,capítulo,3,1363,NOUN,0.010638297872340425,-1.9684829485539352,94.0
5,daré,4,1364,VERB,0.0,-2.271841606536499,94.0
5,un,5,1365,DET,0.06382978723404255,-1.166331421766525,94.0
5,breve,6,1366,ADJ,0.06382978723404255,-1.166331421766525,94.0
5,resumen,7,1367,NOUN,0.5319148936170213,0.05551732784983133,94.0
5,de,8,1368,ADP,0.7872340425531915,0.568201724066995,94.0
5,toda,9,1369,DET,0.010638297872340425,-1.9684829485539352,94.0
5,la,10,1370,DET,0.9468085106382979,1.2504200023088938,94.0
5,obra,11,1371,NOUN,0.0851063829787234,-1.0314084642516241,94.0
5,Los,0,1978,DET,,,
5,efectos,1,1979,NOUN,0.0,-2.2380461031287955,87.0
5,en,2,1980,ADP,0.0,-2.2278867046136734,85.0
5,la,3,1981,DET,0.3411764705882353,-0.28579002910724427,85.0
5,descendencia,4,1982,NOUN,0.0,-2.2278867046136734,85.0
5,son,5,1983,AUX,0.16470588235294117,-0.7051303130408373,85.0
5,determinados,6,1984,ADJ,0.0,-2.2278867046136734,85.0
5,o,7,1985,CCONJ,0.0,-2.2278867046136734,85.0
5,indeterminados,8,1986,ADJ,0.2235294117647059,-0.5407903345890397,85.0
5,Esto,0,2531,PRON,,,
5,se,1,2532,PRON,0.0,-2.1958996524092336,79.0
5,atribuye,2,2533,VERB,0.0,-2.1903316981702914,78.0
5,en,3,2534,ADP,0.0,-2.1903316981702914,78.0
5,general,4,2535,NOUN,0.05128205128205128,-1.2671717284030137,78.0
5,aunque,5,2536,SCONJ,0.0,-2.1903316981702914,78.0
5,erróneamente,6,2537,ADV,0.0,-2.1903316981702914,78.0
5,a,7,2538,ADP,0.5641025641025641,0.11197375944393234,78.0
5,instintos,8,2539,NOUN,0.01282051282051282,-1.8864907251724818,78.0
5,viciados,9,2540,ADJ,0.01282051282051282,-1.8864907251724818,78.0
5,Muchas,0,2541,DET,,,
5,plantas,1,2542,NOUN,0.0,-2.2810333672477277,96.0
5,exóticas,2,2543,ADJ,0.0,-2.2764618041732443,95.0
5,tienen,3,2544,VERB,0.17894736842105263,-0.6616456813122065,95.0
5,polen,4,2545,VERB,0.0,-2.2764618041732443,95.0
5,completamente,5,2546,ADV,0.0,-2.2764618041732443,95.0
5,inútil,6,2547,ADJ,0.021052631578947368,-1.667452952889954,95.0
5,Estas,0,2911,DET,,,
5,variaciones,1,2912,NOUN,0.0,-2.2576785748691846,91.0
5,de,2,2913,ADP,0.3595505617977528,-0.2507248773525854,89.0
5,brotes,3,2914,NOUN,0.0,-2.2479732663618064,89.0
5,como,4,2915,SCONJ,0.011235955056179775,-1.9444826721501687,89.0
5,puede,5,2916,NOUN,0.011235955056179775,-1.9444826721501687,89.0
5,llamárseles,6,2917,ADJ,0.011235955056179775,-1.9444826721501687,89.0
5,pueden,7,2918,AUX,0.0,-2.2479732663618064,89.0
5,ser,8,2919,AUX,0.5617977528089888,0.10790539730951963,89.0
5,propagadas,9,2920,VERB,0.011235955056179775,-1.9444826721501687,89.0
5,por,10,2921,ADP,0.7528089887640449,0.48365212187862006,89.0
5,injertos,11,2922,NOUN,0.011235955056179775,-1.9444826721501687,89.0
5,El,0,3067,DET,,,
5,cambio,1,3068,NOUN,0.0,-2.271841606536499,94.0
5,de,2,3069,ADP,0.43010752688172044,-0.12221587827282661,93.0
5,condiciones,3,3070,NOUN,0.0,-2.2671717284030137,93.0
5,produce,4,3071,VERB,0.0,-2.2671717284030137,93.0
5,un,5,3072,DET,0.3870967741935484,-0.19957235490520414,93.0
5,efecto,6,3073,NOUN,0.06451612903225806,-1.1613680022349748,93.0
5,hereditario,7,3074,ADJ,0.0,-2.2671717284030137,93.0
5,Sólo,0,3264,ADV,,,
5,me,1,3265,PRON,0.03260869565217391,-1.4722687519252504,92.0
5,referiré,2,3266,VERB,0.0,-2.2528530309798933,90.0
5,aquí,3,3267,ADV,0.0,-2.2528530309798933,90.0
5,a,4,3268,ADP,0.7888888888888889,0.5725047477662462,90.0
5,lo,5,3269,PRON,0.13333333333333333,-0.8129133566428557,90.0
5,que,6,3270,PRON,0.6,0.17609125905568115,90.0
5,puede,7,3271,AUX,0.0,-2.2528530309798933,90.0
5,llamarse,8,3272,VERB,0.0,-2.2528530309798933,90.0
5,variación,9,3273,NOUN,0.0,-2.2528530309798933,90.0
5,correlativa,10,3274,ADJ,0.0,-2.2528530309798933,90.0
5,Los,0,3319,DET,,,
5,criadores,1,3320,NOUN,0.0,-2.2764618041732443,95.0
5,creen,2,3321,VERB,0.0,-2.2671717284030137,93.0
5,que,3,3322,SCONJ,0.8924731182795699,0.9190780923760739,93.0
5,las,4,3323,DET,0.10752688172043011,-0.919078092376074,93.0
5,patas,5,3324,NOUN,0.0,-2.2671717284030137,93.0
5,largas,6,3325,ADJ,0.0,-2.2671717284030137,93.0
5,van,7,3326,VERB,0.010752688172043012,-1.9637878273455551,93.0
5,casi,8,3327,ADV,0.010752688172043012,-1.9637878273455551,93.0
5,siempre,9,3328,ADV,0.1827956989247312,-0.6503646709025174,93.0
5,acompañadas,10,3329,ADJ,0.0967741935483871,-0.9700367766225568,93.0
5,de,11,3330,ADP,0.8709677419354839,0.829303772831025,93.0
5,cabeza,12,3331,NOUN,0.010752688172043012,-1.9637878273455551,93.0
5,alargada,13,3332,ADJ,0.010752688172043012,-1.9637878273455551,93.0
5,Toda,0,3669,DET,,,
5,variación,1,3670,NOUN,0.0,-2.2624510897304293,92.0
5,que,2,3671,PRON,0.03296703296703297,-1.4673614174305063,91.0
5,no,3,3672,ADV,0.06593406593406594,-1.151267675330649,91.0
5,es,4,3673,AUX,0.054945054945054944,-1.235528446907549,91.0
5,hereditaria,5,3674,ADJ,0.0,-2.2576785748691846,91.0
5,carece,6,3675,VERB,0.0,-2.2576785748691846,91.0
5,de,7,3676,ADP,0.9560439560439561,1.3374592612906566,91.0
5,importancia,8,3677,NOUN,0.13186813186813187,-0.8184458452428166,91.0
5,para,9,3678,ADP,0.37362637362637363,-0.2243959386302363,91.0
5,nosotros,10,3679,PRON,0.0989010989010989,-0.9595713429443918,91.0
5,Las,0,3927,DET,,,
5,leyes,1,3928,NOUN,0.0,-2.2900346113625183,98.0
5,que,2,3929,PRON,0.09183673469387756,-0.9951474972055878,98.0
5,rigen,3,3930,VERB,0.19387755102040816,-0.6188734903376125,98.0
5,la,4,3931,DET,0.1326530612244898,-0.8154755734074559,98.0
5,herencia,5,3932,NOUN,0.0,-2.2900346113625183,98.0
5,son,6,3933,AUX,0.1836734693877551,-0.6478174818886375,98.0
5,en,7,3934,ADP,0.20408163265306123,-0.5910646070264991,98.0
5,su,8,3935,DET,0.02040816326530612,-1.6812412373755872,98.0
5,mayor,9,3936,ADJ,0.04081632653061224,-1.3710678622717363,98.0
5,parte,10,3937,NOUN,0.5714285714285714,0.12493873660829992,98.0
5,desconocidas,11,3938,ADJ,0.0,-2.2900346113625183,98.0
5,Creo,0,4209,VERB,,,
5,que,1,4210,SCONJ,0.8163265306122449,0.6478174818886375,98.0
5,esta,2,4211,DET,0.010309278350515464,-1.9822712330395684,97.0
5,regla,3,4212,NOUN,0.0,-2.285557309007774,97.0
5,es,4,4213,AUX,0.36082474226804123,-0.24832364514797822,97.0
5,de,5,4214,ADP,0.010309278350515464,-1.9822712330395684,97.0
5,suma,6,4215,ADJ,0.041237113402061855,-1.3664229572259727,97.0
5,importancia,7,4216,NOUN,0.7422680412371134,0.4593924877592309,97.0
5,para,8,4217,ADP,0.6391752577319587,0.24832364514797817,97.0
5,explicar,9,4218,VERB,0.0,-2.285557309007774,97.0
5,las,10,4219,DET,0.041237113402061855,-1.3664229572259727,97.0
5,leyes,11,4220,NOUN,0.09278350515463918,-0.9902401627108437,97.0
5,de,12,4221,ADP,0.8041237113402062,0.6133410017376516,97.0
5,la,13,4222,DET,0.7319587628865979,0.43628500074825716,97.0
5,embriología,14,4223,NOUN,0.0,-2.285557309007774,97.0
2,Rebeca,0,1,PROPN,,,
2,no,1,2,ADV,0.011235955056179775,-1.9444826721501687,89.0
2,era,2,3,AUX,0.011235955056179775,-1.9444826721501687,89.0
2,ninguna,3,4,DET,0.0,-2.2479732663618064,89.0
2,niña,4,5,NOUN,0.011235955056179775,-1.9444826721501687,89.0
2,cuando,5,6,SCONJ,0.033707865168539325,-1.4573771965239053,89.0
2,la,6,7,PRON,0.07865168539325842,-1.0687158123694598,89.0
2,enviaron,7,8,VERB,0.0,-2.2479732663618064,89.0
2,a,8,9,ADP,0.9213483146067416,1.06871581236946,89.0
2,nuestra,9,10,DET,0.011235955056179775,-1.9444826721501687,89.0
2,clínica,10,11,NOUN,0.011235955056179775,-1.9444826721501687,89.0
2,Pero,0,220,CCONJ,,,
2,era,1,221,AUX,0.0,-2.2380461031287955,87.0
2,capaz,2,222,ADJ,0.0,-2.2278867046136734,85.0
2,de,3,223,ADP,0.9294117647058824,1.119475840906798,85.0
2,afectos,4,224,NOUN,0.0,-2.2278867046136734,85.0
2,cálidos,5,225,ADJ,0.0,-2.2278867046136734,85.0
2,profundos,6,226,ADJ,0.011764705882352941,-1.9242792860618816,85.0
2,apasionados,7,227,ADJ,0.0,-2.2278867046136734,85.0
2,incluso,8,228,ADV,0.0,-2.2278867046136734,85.0
2,No,0,940,ADV,,,
2,había,1,941,AUX,0.010638297872340425,-1.9684829485539352,94.0
2,en,2,942,ADP,0.043010752688172046,-1.3473300153169505,93.0
2,su,3,943,DET,0.0,-2.2671717284030137,93.0
2,postura,4,944,NOUN,0.0,-2.2671717284030137,93.0
2,nada,5,945,PRON,0.3763440860215054,-0.21935994921266166,93.0
2,de,6,946,ADP,0.06451612903225806,-1.1613680022349748,93.0
2,la,7,947,DET,0.03225806451612903,-1.4771212547196626,93.0
2,torpeza,8,948,NOUN,0.0,-2.2671717284030137,93.0
2,que,9,949,PRON,0.7311827956989247,0.43456890403419873,93.0
2,tanto,10,950,ADV,0.010752688172043012,-1.9637878273455551,93.0
2,me,11,951,PRON,0.07526881720430108,-1.089400411229311,93.0
2,había,12,952,AUX,0.07526881720430108,-1.089400411229311,93.0
2,impresionado,13,953,VERB,0.03225806451612903,-1.4771212547196626,93.0
2,la,14,954,DET,0.08602150537634409,-1.026328938722349,93.0
2,vez,15,955,NOUN,0.23655913978494625,-0.5088356678968691,93.0
2,anterior,16,956,ADJ,0.27956989247311825,-0.41110145473000853,93.0
2,Podría,0,996,AUX,,,
2,haber,1,997,AUX,0.10752688172043011,-0.919078092376074,93.0
2,sido,2,998,AUX,0.2717391304347826,-0.42813479402878885,92.0
2,una,3,999,DET,0.2608695652173913,-0.45229767099463025,92.0
2,joven,4,1000,ADJ,0.0,-2.2624510897304293,92.0
2,cualquiera,5,1001,PRON,0.0,-2.2624510897304293,92.0
2,disfrutando,6,1002,VERB,0.0,-2.2624510897304293,92.0
2,de,7,1003,ADP,0.6413043478260869,0.2523380717642566,92.0
2,un,8,1004,DET,0.1956521739130435,-0.6139592146276701,92.0
2,bello,9,1005,NOUN,0.0,-2.2624510897304293,92.0
2,día,10,1006,NOUN,0.4673913043478261,-0.05672762444892704,92.0
2,de,11,1007,ADP,0.358695652173913,-0.2523380717642567,92.0
2,primavera,12,1008,NOUN,0.08695652173913043,-1.021189299069938,92.0
2,Ésta,0,1009,PRON,,,
2,era,1,1010,AUX,0.023255813953488372,-1.6232492903979003,86.0
2,mi,2,1011,DET,0.04819277108433735,-1.2955670999624789,83.0
2,visión,3,1012,NOUN,0.0,-2.2174839442139063,83.0
2,humana,4,1013,ADJ,0.0,-2.2174839442139063,83.0
2,frente,5,1014,NOUN,0.0,-2.2174839442139063,83.0
2,a,6,1015,ADP,0.9036144578313253,0.9719712763997566,83.0
2,mi,7,1016,DET,0.0,-2.2174839442139063,83.0
2,visión,8,1017,NOUN,0.18072289156626506,-0.656417653650555,83.0
2,neurológica,9,1018,ADJ,0.0,-2.2174839442139063,83.0
2,Por,0,1202,ADP,,,
2,qué,1,1203,PRON,0.8888888888888888,0.9030899869919433,90.0
2,se,2,1204,PRON,0.03333333333333333,-1.462397997898956,90.0
2,había,3,1205,AUX,0.0,-2.2528530309798933,90.0
2,desintegrado,4,1206,VERB,0.0,-2.2528530309798933,90.0
2,antes,5,1207,ADV,0.0,-2.2528530309798933,90.0
2,cómo,6,1208,PRON,0.0,-2.2528530309798933,90.0
2,podía,7,1209,AUX,0.011111111111111112,-1.9493900066449128,90.0
2,estar,8,1210,AUX,0.044444444444444446,-1.3324384599156054,90.0
2,tan,9,1211,ADV,0.25555555555555554,-0.4643469666832336,90.0
2,integrada,10,1212,ADJ,0.011111111111111112,-1.9493900066449128,90.0
2,ahora,11,1213,ADV,0.17777777777777778,-0.6651117370750514,90.0
2,Yo,0,1214,PRON,,,
2,tenía,1,1215,VERB,0.011111111111111112,-1.9493900066449128,90.0
2,una,2,1216,DET,0.3023255813953488,-0.3631779024128257,86.0
2,vigorosísima,3,1217,ADJ,0.0,-2.232996110392154,86.0
2,sensación,4,1218,NOUN,0.046511627906976744,-1.3117538610557544,86.0
2,de,5,1219,ADP,0.8953488372093024,0.9322482157331572,86.0
2,dos,6,1220,NUM,0.0,-2.232996110392154,86.0
2,formas,7,1221,NOUN,0.046511627906976744,-1.3117538610557544,86.0
2,de,8,1222,ADP,0.5465116279069767,0.08103325090921823,86.0
2,pensamiento,9,1223,NOUN,0.03488372093023256,-1.4419568376564116,86.0
2,Porque,0,1639,SCONJ,,,
2,lo,1,1640,PRON,0.0,-2.2121876044039577,82.0
2,que,2,1641,PRON,0.34146341463414637,-0.2852357284807492,82.0
2,vi,3,1642,VERB,0.012195121951219513,-1.9084850188786497,82.0
2,en,4,1643,ADP,0.3170731707317073,-0.3332146790353824,82.0
2,ella,5,1644,PRON,0.012195121951219513,-1.9084850188786497,82.0
2,lo,6,1645,PRON,0.024390243902439025,-1.6020599913279623,82.0
2,que,7,1646,PRON,0.24390243902439024,-0.4913616938342727,82.0
2,ella,8,1647,PRON,0.024390243902439025,-1.6020599913279623,82.0
2,me,9,1648,PRON,0.3902439024390244,-0.1938200260161128,82.0
2,mostró,10,1649,VERB,0.15853658536585366,-0.7249057384304185,82.0
2,lo,11,1650,PRON,0.06097560975609756,-1.187520720836463,82.0
2,veo,12,1651,VERB,0.012195121951219513,-1.9084850188786497,82.0
2,ahora,13,1652,ADV,0.036585365853658534,-1.420505836570779,82.0
2,en,14,1653,ADP,0.7195121951219512,0.4091241756245513,82.0
2,todos,15,1654,DET,0.10975609756097561,-0.909080350681131,82.0
2,ellos,16,1655,PRON,0.036585365853658534,-1.420505836570779,82.0
2,A,0,1656,ADP,,,
2,medida,1,1657,NOUN,0.0,-2.2174839442139063,83.0
2,que,2,1658,SCONJ,0.963855421686747,1.4259687322722812,83.0
2,continué,3,1659,PROPN,0.0,-2.2174839442139063,83.0
2,viéndola,4,1660,PROPN,0.0,-2.2174839442139063,83.0
2,su,5,1661,DET,0.012048192771084338,-1.9138138523837167,83.0
2,personalidad,6,1662,NOUN,0.012048192771084338,-1.9138138523837167,83.0
2,pareció,7,1663,VERB,0.012048192771084338,-1.9138138523837167,83.0
2,hacerse,8,1664,VERB,0.012048192771084338,-1.9138138523837167,83.0
2,más,9,1665,ADV,0.6385542168674698,0.24715461488112647,83.0
2,profunda,10,1666,ADJ,0.012048192771084338,-1.9138138523837167,83.0
2,Estaba,0,1728,AUX,,,
2,destrozada,1,1729,ADJ,0.0,-2.2068258760318495,81.0
2,pero,2,1730,CCONJ,0.07407407407407407,-1.0969100130080565,81.0
2,se,3,1731,PRON,0.0,-2.2068258760318495,81.0
2,comportaba,4,1732,VERB,0.0,-2.2068258760318495,81.0
2,con,5,1733,ADP,0.012345679012345678,-1.9030899869919435,81.0
2,mucha,6,1734,DET,0.09876543209876543,-0.9602328731285124,81.0
2,dignidad,7,1735,NOUN,0.04938271604938271,-1.2844307338445196,81.0
2,Era,0,1840,AUX,,,
2,un,1,1841,DET,0.043010752688172046,-1.3473300153169505,93.0
2,símbolo,2,1842,NOUN,0.0,-2.2624510897304293,92.0
2,propio,3,1843,ADJ,0.0,-2.2624510897304293,92.0
2,o,4,1844,CCONJ,0.30434782608695654,-0.35902194264166787,92.0
2,un,5,1845,DET,0.14130434782608695,-0.7836837389836047,92.0
2,recuerdo,6,1846,NOUN,0.0,-2.2624510897304293,92.0
2,inconsciente,7,1847,ADJ,0.0,-2.2624510897304293,92.0
2,del,8,1848,ADP,0.07608695652173914,-1.084320885700036,92.0
2,Eclesiastés,9,1849,PROPN,0.0,-2.2624510897304293,92.0
2,o,10,1850,CCONJ,0.05434782608695652,-1.2405492482825997,92.0
2,una,11,1851,DET,0.10869565217391304,-0.9138138523837167,92.0
2,alusión,12,1852,NOUN,0.010869565217391304,-1.9590413923210934,92.0
2,a,13,1853,ADP,0.6956521739130435,0.3590219426416679,92.0
2,él,14,1854,PRON,0.05434782608695652,-1.2405492482825997,92.0
2,La,0,1954,PRON,,,
2,ayudaron,1,1955,VERB,0.0,-2.2227164711475833,84.0
2,muchísimo,2,1956,ADV,0.0,-2.2174839442139063,83.0
2,el,3,1957,DET,0.0,-2.2174839442139063,83.0
2,apoyo,4,1958,NOUN,0.012048192771084338,-1.9138138523837167,83.0
2,y,5,1959,CCONJ,0.08433734939759036,-1.0357155522665347,83.0
2,la,6,1960,DET,0.6024096385542169,0.18045606445813145,83.0
2,comprensión,7,1961,NOUN,0.060240963855421686,-1.1931245983544616,83.0
2,de,8,1962,ADP,0.7831325301204819,0.5576408515395495,83.0
2,una,9,1963,DET,0.0,-2.2174839442139063,83.0
2,tía,10,1964,NOUN,0.0,-2.2174839442139063,83.0
2,abuela,11,1965,NOUN,0.060240963855421686,-1.1931245983544616,83.0
2,suya,12,1966,DET,0.0963855421686747,-0.9719712763997564,83.0
2,Es,0,2013,AUX,,,
2,probable,1,2014,ADJ,0.0,-2.294466226161593,99.0
2,que,2,2015,SCONJ,0.9795918367346939,1.6812412373755867,98.0
2,también,3,2016,ADV,0.0,-2.2900346113625183,98.0
2,la,4,2017,DET,0.02040816326530612,-1.6812412373755872,98.0
2,ayudase,5,2018,NOUN,0.0,-2.2900346113625183,98.0
2,el,6,2019,DET,0.01020408163265306,-1.9867717342662448,98.0
2,que,7,2020,PRON,0.0,-2.2900346113625183,98.0
2,pudiese,8,2021,VERB,0.0,-2.2900346113625183,98.0
2,hablar,9,2022,VERB,0.01020408163265306,-1.9867717342662448,98.0
2,libremente,10,2023,ADV,0.0,-2.2900346113625183,98.0
2,conmigo,11,2024,NOUN,0.01020408163265306,-1.9867717342662448,98.0
2,El,0,2437,DET,,,
2,niño,1,2438,NOUN,0.0,-2.271841606536499,94.0
2,sigue,2,2439,VERB,0.0,-2.271841606536499,94.0
2,la,3,2440,DET,0.031914893617021274,-1.4819201376014313,94.0
2,Biblia,4,2441,PROPN,0.0,-2.271841606536499,94.0
2,antes,5,2442,ADV,0.0,-2.271841606536499,94.0
2,de,6,2443,ADP,0.6170212765957447,0.20712549279565,94.0
2,seguir,7,2444,VERB,0.06382978723404255,-1.166331421766525,94.0
2,a,8,2445,ADP,0.32978723404255317,-0.30797885561930904,94.0
2,Euclides,9,2446,PROPN,0.0,-2.271841606536499,94.0
2,Necesito,0,2759,VERB,,,
2,una,1,2760,DET,0.0851063829787234,-1.0314084642516241,94.0
2,pauta,2,2761,NOUN,0.0,-2.2671717284030137,93.0
2,un,3,2762,DET,0.06451612903225806,-1.1613680022349748,93.0
2,dibujo,4,2763,NOUN,0.0,-2.2671717284030137,93.0
2,como,5,2764,SCONJ,0.010752688172043012,-1.9637878273455551,93.0
2,el,6,2765,DET,0.043010752688172046,-1.3473300153169505,93.0
2,que,7,2766,PRON,0.4731182795698925,-0.04674340354232618,93.0
2,hay,8,2767,AUX,0.021505376344086023,-1.6580113966571124,93.0
2,en,9,2768,ADP,0.8387096774193549,0.7160033436347992,93.0
2,esa,10,2769,DET,0.021505376344086023,-1.6580113966571124,93.0
2,alfombra,11,2770,NOUN,0.010752688172043012,-1.9637878273455551,93.0
3,Parece,0,68,VERB,,,
3,algo,1,69,PRON,0.0,-2.2528530309798933,90.0
3,digno,2,70,ADJ,0.0,-2.2479732663618064,89.0
3,de,3,71,ADP,0.9325842696629213,1.1409268419924299,89.0
3,risa,4,72,NOUN,0.0,-2.2479732663618064,89.0
3,pero,5,73,CCONJ,0.2696629213483146,-0.43270211493124955,89.0
3,créame,6,74,VERB,0.011235955056179775,-1.9444826721501687,89.0
3,que,7,75,SCONJ,0.8314606741573034,0.6931404606752951,89.0
3,era,8,76,AUX,0.0449438202247191,-1.3273589343863303,89.0
3,una,9,77,DET,0.033707865168539325,-1.4573771965239053,89.0
3,cosa,10,78,NOUN,0.14606741573033707,-0.7668702399739545,89.0
3,bastante,11,79,ADV,0.011235955056179775,-1.9444826721501687,89.0
3,impresionante,12,80,ADJ,0.033707865168539325,-1.4573771965239053,89.0
3,Hasta,0,250,ADV,,,
3,daba,1,251,VERB,0.0,-2.298853076409707,100.0
3,la,2,252,DET,0.2727272727272727,-0.4259687322722812,99.0
3,impresión,3,253,NOUN,0.29292929292929293,-0.3827000421153008,99.0
3,de,4,254,ADP,0.8383838383838383,0.714958109720149,99.0
3,ser,5,255,AUX,0.1111111111111111,-0.9030899869919435,99.0
3,un,6,256,DET,0.37373737373737376,-0.22418996543125888,99.0
3,poco,7,257,PRON,0.04040404040404041,-1.3756636139608853,99.0
3,frío,8,258,ADJ,0.0,-2.294466226161593,99.0
3,de,9,259,ADP,0.010101010101010102,-1.9912260756924949,99.0
3,no,10,260,ADV,0.09090909090909091,-1.0,99.0
3,interesarle,11,261,VERB,0.0,-2.294466226161593,99.0
3,demasiado,12,262,ADV,0.010101010101010102,-1.9912260756924949,99.0
3,el,13,263,DET,0.08080808080808081,-1.0559514053291499,99.0
3,partido,14,264,NOUN,0.0,-2.294466226161593,99.0
3,Era,0,337,AUX,,,
3,una,1,338,DET,0.30097087378640774,-0.3659708025969958,103.0
3,cosa,2,339,NOUN,0.0,-2.298853076409707,100.0
3,bastante,3,340,ADV,0.0,-2.298853076409707,100.0
3,dramática,4,341,ADJ,0.0,-2.298853076409707,100.0
3,permítame,5,342,NOUN,0.0,-2.298853076409707,100.0
3,que,6,343,PRON,0.14,-0.7883704155653297,100.0
3,le,7,344,PRON,0.74,0.45425837176015815,100.0
3,diga,8,345,VERB,0.55,0.08715017571890027,100.0
3,Vio,0,606,VERB,,,
3,usted,1,607,PRON,0.020202020202020204,-1.6857417386022635,99.0
3,que,2,608,SCONJ,0.5567010309278351,0.09892530424338199,97.0
3,hay,3,609,AUX,0.041237113402061855,-1.3664229572259727,97.0
3,gente,4,610,NOUN,0.061855670103092786,-1.18089014193745,97.0
3,que,5,611,PRON,0.8969072164948454,0.9395192526186187,97.0
3,cuando,6,612,SCONJ,0.0,-2.285557309007774,97.0
3,ve,7,613,VERB,0.010309278350515464,-1.9822712330395684,97.0
3,llorar,8,614,VERB,0.0,-2.285557309007774,97.0
3,a,9,615,ADP,0.8556701030927835,0.7729500566978357,97.0
3,otra,10,616,DET,0.2268041237113402,-0.5326385825694938,97.0
3,persona,11,617,NOUN,0.6597938144329897,0.2876660341059996,97.0
3,llora,12,618,VERB,0.15463917525773196,-0.7377225933280355,97.0
3,también,13,619,ADV,0.5670103092783505,0.11711339909634337,97.0
3,Pero,0,1249,CCONJ,,,
3,eso,1,1250,PRON,0.0,-2.3283796034387376,107.0
3,era,2,1251,AUX,0.05660377358490566,-1.2218487496163564,106.0
3,cierto,3,1252,ADJ,0.009433962264150943,-2.0211892990699383,106.0
3,se,4,1253,PRON,0.009433962264150943,-2.0211892990699383,106.0
3,le,5,1254,PRON,0.009433962264150943,-2.0211892990699383,106.0
3,notaba,6,1255,VERB,0.05660377358490566,-1.2218487496163564,106.0
3,que,7,1256,SCONJ,0.27358490566037735,-0.42409272727352576,106.0
3,no,8,1257,ADV,0.2830188679245283,-0.403692337561129,106.0
3,era,9,1258,AUX,0.11320754716981132,-0.8939466075520739,106.0
3,un,10,1259,DET,0.08490566037735849,-1.03252922482692,106.0
3,muchacho,11,1260,NOUN,0.0,-2.3242824552976926,106.0
3,muy,12,1261,ADV,0.0660377358490566,-1.1505371545832932,106.0
3,normal,13,1262,ADJ,0.02830188679245283,-1.5357159699855099,106.0
3,Recuerdo,0,1302,VERB,,,
3,que,1,1303,SCONJ,0.45,-0.0871501757189002,100.0
3,nos,2,1304,PRON,0.0,-2.294466226161593,99.0
3,sentamos,3,1305,VERB,0.0,-2.294466226161593,99.0
3,a,4,1306,ADP,0.1717171717171717,-0.6833649310054428,99.0
3,tomar,5,1307,VERB,0.10101010101010101,-0.9493900066449128,99.0
3,un,6,1308,DET,0.3939393939393939,-0.18708664335714448,99.0
3,café,7,1309,NOUN,0.35353535353535354,-0.2621119296336115,99.0
3,y,8,1310,CCONJ,0.2222222222222222,-0.5440680443502757,99.0
3,me,9,1311,PRON,0.09090909090909091,-1.0,99.0
3,esquivaba,10,1312,VERB,0.0,-2.294466226161593,99.0
3,la,11,1313,DET,0.7777777777777778,0.5440680443502757,99.0
3,mirada,12,1314,NOUN,0.7474747474747475,0.47129171105893863,99.0
3,Yo,0,1333,PRON,,,
3,le,1,1334,PRON,0.011235955056179775,-1.9444826721501687,89.0
3,hice,2,1335,VERB,0.011363636363636364,-1.9395192526186185,88.0
3,una,3,1336,DET,0.4659090909090909,-0.05931400121598206,88.0
3,pregunta,4,1337,NOUN,0.4090909090909091,-0.15970084286751185,88.0
3,y,5,1338,CCONJ,0.25,-0.4771212547196625,88.0
3,no,6,1339,ADV,0.125,-0.8450980400142569,88.0
3,me,7,1340,PRON,0.5454545454545454,0.07918124604762472,88.0
3,contestó,8,1341,VERB,0.2727272727272727,-0.4259687322722812,88.0
3,no,9,1342,ADV,0.07954545454545454,-1.0633869788643928,88.0
3,me,10,1343,PRON,0.19318181818181818,-0.6208094273408014,88.0
3,contestó,11,1344,VERB,0.03409090909090909,-1.4522976709946303,88.0
3,nada,12,1345,PRON,0.48863636363636365,-0.01974405819575713,88.0
3,Había,0,1346,AUX,,,
3,empezado,1,1347,VERB,0.0,-2.2528530309798933,90.0
3,a,2,1348,ADP,0.5777777777777777,0.13621974701798886,90.0
3,mirarme,3,1349,VERB,0.0,-2.2528530309798933,90.0
3,con,4,1350,ADP,0.28888888888888886,-0.39120662601306927,90.0
3,cierta,5,1351,DET,0.011111111111111112,-1.9493900066449128,90.0
3,molesta,6,1352,ADJ,0.011111111111111112,-1.9493900066449128,90.0
3,fijeza,7,1353,NOUN,0.044444444444444446,-1.3324384599156054,90.0
3,El,0,1988,DET,,,
3,sábado,1,1989,NOUN,0.0,-2.2624510897304293,92.0
3,lo,2,1990,PRON,0.0,-2.2624510897304293,92.0
3,fui,3,1991,AUX,0.021739130434782608,-1.6532125137753437,92.0
3,a,4,1992,ADP,0.8478260869565217,0.7459665670122424,92.0
3,ver,5,1993,VERB,0.3695652173913043,-0.23194907652068217,92.0
3,con,6,1994,ADP,0.0,-2.2624510897304293,92.0
3,una,7,1995,DET,0.09782608695652174,-0.964835582936749,92.0
3,curiosidad,8,1996,NOUN,0.0,-2.2624510897304293,92.0
3,más,9,1997,ADV,0.0,-2.2624510897304293,92.0
3,humana,10,1998,ADJ,0.0,-2.2624510897304293,92.0
3,que,11,1999,PRON,0.8913043478260869,0.9138138523837166,92.0
3,periodística,12,2000,VERB,0.0,-2.2624510897304293,92.0
3,Me,0,2285,PRON,,,
3,dijo,1,2286,VERB,0.07446808510638298,-1.0944212126043618,94.0
3,que,2,2287,SCONJ,0.925531914893617,1.0944212126043613,94.0
3,iba,3,2288,AUX,0.0,-2.271841606536499,94.0
3,a,4,2289,ADP,0.9787234042553191,1.6627578316815734,94.0
3,jugar,5,2290,VERB,0.02127659574468085,-1.662757831681574,94.0
3,al,6,2291,ADP,0.07446808510638298,-1.0944212126043618,94.0
3,día,7,2292,NOUN,0.0,-2.271841606536499,94.0
3,siguiente,8,2293,ADJ,0.2978723404255319,-0.3723859041996495,94.0
3,que,9,2294,PRON,0.0425531914893617,-1.3521825181113625,94.0
3,estaba,10,2295,AUX,0.031914893617021274,-1.4819201376014313,94.0
3,perfecto,11,2296,ADJ,0.0,-2.271841606536499,94.0
3,Le,0,2318,PRON,,,
3,dije,1,2319,VERB,0.3258426966292135,-0.3157532524846875,89.0
3,que,2,2320,SCONJ,0.7752808988764045,0.5378190950732742,89.0
3,no,3,2321,ADV,0.39325842696629215,-0.1883257154726928,89.0
3,que,4,2322,SCONJ,0.33707865168539325,-0.2937307569224818,89.0
3,lamentablemente,5,2323,ADV,0.0,-2.2479732663618064,89.0
3,sólo,6,2324,ADV,0.0,-2.2479732663618064,89.0
3,hablaba,7,2325,VERB,0.0,-2.2479732663618064,89.0
3,castellano,8,2326,NOUN,0.0,-2.2479732663618064,89.0
3,Empieza,0,2649,VERB,,,
3,el,1,2650,DET,0.10465116279069768,-0.932248215733157,86.0
3,segundo,2,2651,ADJ,0.011764705882352941,-1.9242792860618816,85.0
3,tiempo,3,2652,NOUN,0.2235294117647059,-0.5407903345890397,85.0
3,y,4,2653,CCONJ,0.16470588235294117,-0.7051303130408373,85.0
3,el,5,2654,DET,0.07058823529411765,-1.1194758409067977,85.0
3,Loco,6,2655,PROPN,0.0,-2.2278867046136734,85.0
3,estaba,7,2656,AUX,0.011764705882352941,-1.9242792860618816,85.0
3,desatado,8,2657,ADJ,0.0,-2.2278867046136734,85.0
3,Me,0,2722,PRON,,,
3,doy,1,2723,VERB,0.0,-2.2380461031287955,87.0
3,vuelta,2,2724,NOUN,0.0,-2.232996110392154,86.0
3,y,3,2725,CCONJ,0.6395348837209303,0.24900099565997122,86.0
3,veo,4,2726,VERB,0.46511627906976744,-0.06069784035361175,86.0
3,llegar,5,2727,VERB,0.0,-2.232996110392154,86.0
3,por,6,2728,ADP,0.023255813953488372,-1.6232492903979003,86.0
3,detrás,7,2729,ADV,0.011627906976744186,-1.9294189257142929,86.0
3,del,8,2730,ADP,0.03488372093023256,-1.4419568376564116,86.0
3,estadio,9,2731,NOUN,0.0,-2.232996110392154,86.0
3,una,10,2732,DET,0.08139534883720931,-1.0525290512761845,86.0
3,ambulancia,11,2733,NOUN,0.0,-2.232996110392154,86.0
3,a,12,2734,ADP,0.10465116279069768,-0.932248215733157,86.0
3,toda,13,2735,DET,0.27906976744186046,-0.4121804477866478,86.0
3,velocidad,14,2736,NOUN,0.7209302325581395,0.41218044778664775,86.0
3,Me,0,2769,PRON,,,
3,acerco,1,2770,ADJ,0.0,-2.2528530309798933,90.0
3,entonces,2,2771,ADV,0.011363636363636364,-1.9395192526186185,88.0
3,a,3,2772,ADP,0.25,-0.4771212547196625,88.0
3,riesgo,4,2773,NOUN,0.0,-2.2430380486862944,88.0
3,de,5,2774,ADP,0.8863636363636364,0.8920946026904804,88.0
3,que,6,2775,SCONJ,0.14772727272727273,-0.7611179110848633,88.0
3,me,7,2776,PRON,0.7272727272727273,0.42596873227228116,88.0
3,consideraran,8,2777,VERB,0.0,-2.2430380486862944,88.0
3,un,9,2778,DET,0.4659090909090909,-0.05931400121598206,88.0
3,entrometido,10,2779,NOUN,0.011363636363636364,-1.9395192526186185,88.0
3,Según,0,2847,ADP,,,
3,el,1,2848,DET,0.11627906976744186,-0.8808135922807914,86.0
3,médico,2,2849,NOUN,0.011764705882352941,-1.9242792860618816,85.0
3,había,3,2850,AUX,0.0,-2.2278867046136734,85.0
3,que,4,2851,SCONJ,0.27058823529411763,-0.43066385348066105,85.0
3,encerrarlo,5,2852,VERB,0.0,-2.2278867046136734,85.0
3,de,6,2853,ADP,0.011764705882352941,-1.9242792860618816,85.0
3,inmediato,7,2854,NOUN,0.15294117647058825,-0.7433891441244316,85.0
3,porque,8,2855,SCONJ,0.07058823529411765,-1.1194758409067977,85.0
3,era,9,2856,AUX,0.32941176470588235,-0.3087168243302722,85.0
3,muy,10,2857,ADV,0.12941176470588237,-0.8278390345727511,85.0
3,peligroso,11,2858,ADJ,0.6352941176470588,0.24103206598869578,85.0
4,Daban,0,458,PROPN,,,
4,lástima,1,459,PROPN,0.0392156862745098,-1.3891660843645326,102.0
4,ahí,2,460,ADV,0.0,-2.307496037913213,102.0
4,encerrados,3,461,ADJ,0.0196078431372549,-1.6989700043360187,102.0
4,esperando,4,462,VERB,0.00980392156862745,-2.0043213737826426,102.0
4,que,5,463,SCONJ,0.5490196078431373,0.08543019532462645,102.0
4,alguien,6,464,PRON,0.29411764705882354,-0.3802112417116059,102.0
4,viniera,7,465,VERB,0.0196078431372549,-1.6989700043360187,102.0
4,a,8,466,ADP,0.9215686274509803,1.0700378666077548,102.0
4,buscarlos,9,467,NOUN,0.30392156862745096,-0.35989665488480266,102.0
4,Nos,0,715,PRON,,,
4,lo,1,716,PRON,0.0,-2.2479732663618064,89.0
4,entregaron,2,717,VERB,0.0,-2.232996110392154,86.0
4,en,3,718,ADP,0.26744186046511625,-0.43761271343598884,86.0
4,una,4,719,DET,0.1744186046511628,-0.6751670896633941,86.0
4,caja,5,720,NOUN,0.45348837209302323,-0.08103325090921833,86.0
4,de,6,721,ADP,0.6046511627906976,0.18452442659254395,86.0
4,cartón,7,722,NOUN,0.686046511627907,0.33948824748315687,86.0
4,a,8,723,ADP,0.011627906976744186,-1.9294189257142929,86.0
4,la,9,724,DET,0.29069767441860467,-0.38738982633872937,86.0
4,que,10,725,PRON,0.05813953488372093,-1.209515014542631,86.0
4,sólo,11,726,ADV,0.0,-2.232996110392154,86.0
4,le,12,727,PRON,0.5348837209302325,0.06069784035361157,86.0
4,faltaba,13,728,VERB,0.2558139534883721,-0.4637572931616809,86.0
4,el,14,729,DET,0.046511627906976744,-1.3117538610557544,86.0
4,moño,15,730,NOUN,0.1744186046511628,-0.6751670896633941,86.0
4,Yo,0,939,PRON,,,
4,no,1,940,ADV,0.1276595744680851,-0.8346326063360918,94.0
4,hablaba,2,941,VERB,0.0,-2.2671717284030137,93.0
4,con,3,942,ADP,0.1827956989247312,-0.6503646709025174,93.0
4,él,4,943,PRON,0.10752688172043011,-0.919078092376074,93.0
4,como,5,944,SCONJ,0.0,-2.2671717284030137,93.0
4,hacían,6,945,VERB,0.0,-2.2671717284030137,93.0
4,los,7,946,DET,0.5483870967741935,0.08432088570003579,93.0
4,otros,8,947,DET,0.12903225806451613,-0.829303772831025,93.0
4,chicos,9,948,NOUN,0.11827956989247312,-0.8724211672254916,93.0
4,o,10,949,CCONJ,0.010752688172043012,-1.9637878273455551,93.0
4,como,11,950,SCONJ,0.20430107526881722,-0.5904781187781472,93.0
4,mi,12,951,DET,0.0,-2.2671717284030137,93.0
4,papá,13,952,NOUN,0.021505376344086023,-1.6580113966571124,93.0
4,y,14,953,CCONJ,0.053763440860215055,-1.24551266781415,93.0
4,mi,15,954,DET,0.6559139784946236,0.280179856690861,93.0
4,mamá,16,955,NOUN,0.8387096774193549,0.7160033436347992,93.0
4,Los,0,981,DET,,,
4,gatos,1,982,NOUN,0.010526315789473684,-1.9731278535996986,95.0
4,tienen,2,983,VERB,0.053763440860215055,-1.24551266781415,93.0
4,un,3,984,DET,0.23655913978494625,-0.5088356678968691,93.0
4,lenguaje,4,985,NOUN,0.0,-2.2671717284030137,93.0
4,que,5,986,PRON,0.053763440860215055,-1.24551266781415,93.0
4,no,6,987,ADV,0.17204301075268819,-0.682370742516557,93.0
4,comprenden,7,988,VERB,0.0,-2.2671717284030137,93.0
4,quienes,8,989,PRON,0.0,-2.2671717284030137,93.0
4,no,9,990,ADV,0.6021505376344086,0.17998630293920545,93.0
4,aceptan,10,991,VERB,0.0,-2.2671717284030137,93.0
4,el,11,992,DET,0.06451612903225806,-1.1613680022349748,93.0
4,misterio,12,993,NOUN,0.03225806451612903,-1.4771212547196626,93.0
4,Mis,0,1136,DET,,,
4,amigos,1,1137,NOUN,0.40963855421686746,-0.15871716298625854,83.0
4,del,2,1138,ADP,0.0,-2.2068258760318495,81.0
4,colegio,3,1139,NOUN,0.6296296296296297,0.23044892137827397,81.0
4,no,4,1140,ADV,0.1111111111111111,-0.9030899869919435,81.0
4,sabían,5,1141,VERB,0.04938271604938271,-1.2844307338445196,81.0
4,nada,6,1142,PRON,0.0,-2.2068258760318495,81.0
4,de,7,1143,ADP,0.6049382716049383,0.18504610170860775,81.0
4,la,8,1144,DET,0.12345679012345678,-0.8512583487190754,81.0
4,ciudad,9,1145,NOUN,0.0,-2.2068258760318495,81.0
4,en,10,1146,ADP,0.2716049382716049,-0.428429330819938,81.0
4,la,11,1147,DET,0.5679012345679012,0.11868978733129837,81.0
4,que,12,1148,PRON,0.8024691358024691,0.6087933739869308,81.0
4,yo,13,1149,PRON,0.07407407407407407,-1.0969100130080565,81.0
4,había,14,1150,AUX,0.1111111111111111,-0.9030899869919435,81.0
4,nacido,15,1151,VERB,0.49382716049382713,-0.010723865391773163,81.0
4,Por,0,1224,ADP,,,
4,supuesto,1,1225,NOUN,0.03225806451612903,-1.4771212547196626,93.0
4,que,2,1226,SCONJ,0.8817204301075269,0.8724211672254916,93.0
4,me,3,1227,PRON,0.10752688172043011,-0.919078092376074,93.0
4,encantaba,4,1228,VERB,0.0,-2.2671717284030137,93.0
4,la,5,1229,DET,0.3010752688172043,-0.36575532530063637,93.0
4,idea,6,1230,NOUN,0.16129032258064516,-0.7160033436347992,93.0
4,de,7,1231,ADP,0.9032258064516129,0.9700367766225566,93.0
4,poder,8,1232,AUX,0.021505376344086023,-1.6580113966571124,93.0
4,volver,9,1233,VERB,0.0,-2.2671717284030137,93.0
4,a,10,1234,ADP,0.9247311827956989,1.0894004112293105,93.0
4,verla,11,1235,VERB,0.10752688172043011,-0.919078092376074,93.0
4,y,12,1236,CCONJ,0.08602150537634409,-1.026328938722349,93.0
4,jugar,13,1237,VERB,0.0,-2.2671717284030137,93.0
4,con,14,1238,ADP,0.45161290322580644,-0.08432088570003586,93.0
4,ella,15,1239,PRON,0.8709677419354839,0.829303772831025,93.0
4,Pero,0,1589,CCONJ,,,
4,era,1,1590,AUX,0.02,-1.6901960800285136,100.0
4,el,2,1591,DET,0.05102040816326531,-1.2695129442179163,98.0
4,mío,3,1592,DET,0.01020408163265306,-1.9867717342662448,98.0
4,y,4,1593,CCONJ,0.16326530612244897,-0.7096938697277919,98.0
4,ahora,5,1594,ADV,0.0,-2.2900346113625183,98.0
4,podíamos,6,1595,AUX,0.0,-2.2900346113625183,98.0
4,volver,7,1596,VERB,0.0,-2.2900346113625183,98.0
4,y,8,1597,CCONJ,0.0,-2.2900346113625183,98.0
4,mi,9,1598,DET,0.0,-2.2900346113625183,98.0
4,curiosidad,10,1599,NOUN,0.01020408163265306,-1.9867717342662448,98.0
4,se,11,1600,PRON,0.08163265306122448,-1.0511525224473814,98.0
4,había,12,1601,AUX,0.07142857142857142,-1.113943352306837,98.0
4,despertado,13,1602,VERB,0.05102040816326531,-1.2695129442179163,98.0
4,Puedo,0,1692,VERB,,,
4,mostrarte,1,1693,VERB,0.0,-2.311753861055754,103.0
4,el,2,1694,DET,0.07766990291262135,-1.0746336182969043,103.0
4,mundo,3,1695,NOUN,0.20388349514563106,-0.5915945576497974,103.0
4,entero,4,1696,ADJ,0.13592233009708737,-0.8032619709666747,103.0
4,si,5,1697,SCONJ,0.30097087378640774,-0.3659708025969958,103.0
4,te,6,1698,PRON,0.038834951456310676,-1.3935752032695876,103.0
4,animas,7,1699,VERB,0.0970873786407767,-0.9684829485539351,103.0
4,a,8,1700,ADP,0.9514563106796117,1.2922560713564761,103.0
4,subir,9,1701,VERB,0.019417475728155338,-1.7032913781186614,103.0
4,conmigo,10,1702,PRON,0.2621359223300971,-0.449449828121804,103.0
4,alto,11,1703,ADJ,0.009708737864077669,-2.0086001717619175,103.0
4,muy,12,1704,ADV,0.13592233009708737,-0.8032619709666747,103.0
4,alto,13,1705,ADJ,0.9320388349514563,1.1371731930253117,103.0
4,Eran,0,2195,AUX,,,
4,perros,1,2196,NOUN,0.0,-2.294466226161593,99.0
4,amaestrados,2,2197,ADJ,0.0,-2.285557309007774,97.0
4,como,3,2198,SCONJ,0.0,-2.285557309007774,97.0
4,esos,4,2199,PRON,0.041237113402061855,-1.3664229572259727,97.0
4,que,5,2200,PRON,0.5876288659793815,0.15381486434452904,97.0
4,tiene,6,2201,VERB,0.041237113402061855,-1.3664229572259727,97.0
4,la,7,2202,DET,0.3917525773195876,-0.19106841502533406,97.0
4,policía,8,2203,NOUN,0.2268041237113402,-0.5326385825694938,97.0
4,Cuando,0,2510,SCONJ,,,
4,saltó,1,2511,VERB,0.0,-2.294466226161593,99.0
4,tenía,2,2512,VERB,0.0,-2.2810333672477277,96.0
4,la,3,2513,DET,0.11458333333333333,-0.8880262405560677,96.0
4,boca,4,2514,NOUN,0.0,-2.2810333672477277,96.0
4,muy,5,2515,ADV,0.020833333333333332,-1.6720978579357175,96.0
4,abierta,6,2516,ADJ,0.5625,0.10914446942506809,96.0
4,y,7,2517,CCONJ,0.7708333333333334,0.5268090389087701,96.0
4,le,8,2518,PRON,0.09375,-0.9852767431792937,96.0
4,corría,9,2519,VERB,0.010416666666666666,-1.9777236052888478,96.0
4,la,10,2520,DET,0.1875,-0.6368220975871743,96.0
4,baba,11,2521,VERB,0.08333333333333333,-1.041392685158225,96.0
4,entre,12,2522,ADP,0.0,-2.2810333672477277,96.0
4,los,13,2523,DET,0.7708333333333334,0.5268090389087701,96.0
4,colmillos,14,2524,NOUN,0.0,-2.2810333672477277,96.0
4,Hacía,0,2967,VERB,,,
4,frío,1,2968,NOUN,0.09375,-0.9852767431792937,96.0
4,y,2,2969,CCONJ,0.4895833333333333,-0.018098222092796268,96.0
4,nevaba,3,2970,VERB,0.03125,-1.4913616938342726,96.0
4,lo,4,2971,PRON,0.010416666666666666,-1.9777236052888478,96.0
4,que,5,2972,PRON,0.3333333333333333,-0.30102999566398125,96.0
4,me,6,2973,PRON,0.15625,-0.7323937598229685,96.0
4,hizo,7,2974,VERB,0.10416666666666667,-0.9344984512435677,96.0
4,temer,8,2975,VERB,0.010416666666666666,-1.9777236052888478,96.0
4,que,9,2976,SCONJ,0.4479166666666667,-0.09080741402120243,96.0
4,no,10,2977,ADV,0.23958333333333334,-0.5015950241028629,96.0
4,pudiéramos,11,2978,VERB,0.020833333333333332,-1.6720978579357175,96.0
4,salir,12,2979,VERB,0.25,-0.4771212547196625,96.0
4,de,13,2980,ADP,0.5104166666666666,0.018098222092796133,96.0
4,casa,14,2981,NOUN,0.28125,-0.40748532657826797,96.0
4,En,0,3023,ADP,,,
4,París,1,3024,PROPN,0.0,-2.2121876044039577,82.0
4,el,2,3025,DET,0.02531645569620253,-1.5854607295085006,79.0
4,invierno,3,3026,NOUN,0.02531645569620253,-1.5854607295085006,79.0
4,es,4,3027,AUX,0.8227848101265823,0.6667853209646177,79.0
4,riguroso,5,3028,ADJ,0.0,-2.1958996524092336,79.0
4,y,6,3029,CCONJ,0.7721518987341772,0.5300573299074609,79.0
4,a,7,3030,ADP,0.0,-2.1958996524092336,79.0
4,las,8,3031,DET,0.0,-2.1958996524092336,79.0
4,cuatro,9,3032,NUM,0.012658227848101266,-1.8920946026904804,79.0
4,de,10,3033,ADP,0.6962025316455697,0.36015144778263786,79.0
4,la,11,3034,DET,0.9746835443037974,1.5854607295085004,79.0
4,tarde,12,3035,NOUN,0.8607594936708861,0.7911162275480114,79.0
4,ya,13,3036,ADV,0.31645569620253167,-0.33445375115093084,79.0
4,está,14,3037,AUX,0.05063291139240506,-1.2730012720637376,79.0
4,oscuro,15,3038,ADJ,0.5316455696202531,0.05504756633090536,79.0
4,Para,0,3090,ADP,,,
4,mí,1,3091,PRON,0.11764705882352941,-0.8750612633917001,85.0
4,era,2,3092,AUX,0.0,-2.2278867046136734,85.0
4,un,3,3093,DET,0.21176470588235294,-0.5708022975975203,85.0
4,mundo,4,3094,NOUN,0.0,-2.2278867046136734,85.0
4,fascinante,5,3095,ADJ,0.0,-2.2278867046136734,85.0
4,y,6,3096,CCONJ,0.4823529411764706,-0.030668819766451857,85.0
4,desconocido:,7,3097,ADJ,0.058823529411764705,-1.2041199826559248,85.0
4,el,8,3098,DET,0.09411764705882353,-0.9834007381805383,85.0
4,reino,9,3099,NOUN,0.0,-2.2278867046136734,85.0
4,de,10,3100,ADP,0.611764705882353,0.1974894037569118,85.0
4,las,11,3101,DET,0.15294117647058825,-0.7433891441244316,85.0
4,alturas,12,3102,NOUN,0.0,-2.2278867046136734,85.0
4,Miré,0,3144,VERB,,,
4,los,1,3145,DET,0.0,-2.2576785748691846,91.0
4,contornos,2,3146,NOUN,0.0,-2.2528530309798933,90.0
4,de,3,3147,ADP,0.8,0.6020599913279625,90.0
4,los,4,3148,DET,0.08888888888888889,-1.0107238653917732,90.0
4,edificios,5,3149,NOUN,0.07777777777777778,-1.073980052361817,90.0
4,y,6,3150,CCONJ,0.7222222222222222,0.41497334797081786,90.0
4,las,7,3151,DET,0.011111111111111112,-1.9493900066449128,90.0
4,pesadas,8,3152,ADJ,0.0,-2.2528530309798933,90.0
4,sombras,9,3153,NOUN,0.1111111111111111,-0.9030899869919435,90.0
4,de,10,3154,ADP,0.5111111111111111,0.019305155195386534,90.0
4,la,11,3155,DET,0.23333333333333334,-0.516629796003336,90.0
4,tormenta,12,3156,NOUN,0.0,-2.2528530309798933,90.0
4,Se,0,3445,PRON,,,
4,hizo,1,3446,VERB,0.031578947368421054,-1.486666572625893,95.0
4,primero,2,3447,ADV,0.0,-2.271841606536499,94.0
4,una,3,3448,DET,0.06382978723404255,-1.166331421766525,94.0
4,inmensa,4,3449,ADJ,0.0,-2.271841606536499,94.0
4,luz,5,3450,NOUN,0.02127659574468085,-1.662757831681574,94.0
4,blanca,6,3451,ADJ,0.05319148936170213,-1.250420002308894,94.0
4,que,7,3452,PRON,0.2127659574468085,-0.568201724066995,94.0
4,me,8,3453,PRON,0.02127659574468085,-1.662757831681574,94.0
4,encegueció,9,3454,VERB,0.09574468085106383,-0.9751764162749679,94.0
4,por,10,3455,ADP,0.2127659574468085,-0.568201724066995,94.0
4,un,11,3456,DET,0.2978723404255319,-0.3723859041996495,94.0
4,instante,12,3457,NOUN,0.3404255319148936,-0.2872417111783479,94.0
6,Andrée,0,1,PROPN,,,
6,yo,1,2,PRON,0.022727272727272728,-1.6334684555795866,88.0
6,no,2,3,ADV,0.3023255813953488,-0.3631779024128257,86.0
6,quería,3,4,VERB,0.023255813953488372,-1.6232492903979003,86.0
6,venirme,4,5,VERB,0.0,-2.232996110392154,86.0
6,a,5,6,ADP,0.313953488372093,-0.33948824748315687,86.0
6,vivir,6,7,VERB,0.06976744186046512,-1.1249387366083,86.0
6,a,7,8,ADP,0.26744186046511625,-0.43761271343598884,86.0
6,su,8,9,DET,0.023255813953488372,-1.6232492903979003,86.0
6,departamento,9,10,NOUN,0.046511627906976744,-1.3117538610557544,86.0
6,de,10,11,ADP,0.06976744186046512,-1.1249387366083,86.0
6,la,11,12,DET,0.12790697674418605,-0.8336685782334751,86.0
6,calle,12,13,NOUN,0.2558139534883721,-0.4637572931616809,86.0
6,Suipacha,13,14,PROPN,0.09302325581395349,-0.9890046156985368,86.0
6,Usted,0,341,PRON,,,
6,sabe,1,342,VERB,0.0989010989010989,-0.9595713429443918,91.0
6,por,2,343,ADP,0.0,-2.2479732663618064,89.0
6,qué,3,344,PRON,0.4157303370786517,-0.14780161956780413,89.0
6,vine,4,345,VERB,0.0,-2.2479732663618064,89.0
6,a,5,346,ADP,0.5617977528089888,0.10790539730951963,89.0
6,su,6,347,DET,0.0898876404494382,-1.0053950318867062,89.0
6,casa,7,348,NOUN,0.8089887640449438,0.6268835750529944,89.0
6,a,8,349,ADP,0.06741573033707865,-1.1409268419924303,89.0
6,su,9,350,DET,0.056179775280898875,-1.2253092817258628,89.0
6,quieto,10,351,ADJ,0.0,-2.2479732663618064,89.0
6,salón,11,352,NOUN,0.0,-2.2479732663618064,89.0
6,solicitado,12,353,ADJ,0.0,-2.2479732663618064,89.0
6,de,13,354,ADP,0.19101123595505617,-0.6268835750529945,89.0
6,mediodía,14,355,NOUN,0.0,-2.2479732663618064,89.0
6,Todo,0,356,PRON,,,
6,parece,1,357,VERB,0.0,-2.2900346113625183,98.0
6,tan,2,358,ADV,0.01020408163265306,-1.9867717342662448,98.0
6,natural,3,359,ADJ,0.0,-2.2900346113625183,98.0
6,como,4,360,SCONJ,0.01020408163265306,-1.9867717342662448,98.0
6,siempre,5,361,ADV,0.030612244897959183,-1.5006023505691852,98.0
6,que,6,362,SCONJ,0.16326530612244897,-0.7096938697277919,98.0
6,no,7,363,ADV,0.05102040816326531,-1.2695129442179163,98.0
6,se,8,364,PRON,0.10204081632653061,-0.9444826721501687,98.0
6,sabe,9,365,VERB,0.11224489795918367,-0.8981265674603934,98.0
6,la,10,366,DET,0.11224489795918367,-0.8981265674603934,98.0
6,verdad,11,367,NOUN,0.37755102040816324,-0.2171281109437721,98.0
6,Me,0,445,PRON,,,
6,mudé,1,446,VERB,0.0,-2.2810333672477277,96.0
6,el,2,447,DET,0.0,-2.2764618041732443,95.0
6,jueves,3,448,NOUN,0.010526315789473684,-1.9731278535996986,95.0
6,pasado,4,449,NOUN,0.49473684210526314,-0.009143379439869771,95.0
6,a,5,450,ADP,0.15789473684210525,-0.7269987279362623,95.0
6,las,6,451,DET,0.0,-2.2764618041732443,95.0
6,cinco,7,452,NUM,0.05263157894736842,-1.255272505103306,95.0
6,de,8,453,ADP,0.8842105263157894,0.8828866009036564,95.0
6,la,9,454,DET,0.968421052631579,1.486666572625893,95.0
6,tarde,10,455,NOUN,0.9263157894736842,1.0993846321359118,95.0
6,entre,11,456,ADP,0.0,-2.2764618041732443,95.0
6,niebla,12,457,NOUN,0.0,-2.2764618041732443,95.0
6,y,13,458,CCONJ,0.9473684210526315,1.2552725051033056,95.0
6,hastío,14,459,NOUN,0.0,-2.2764618041732443,95.0
6,Pero,0,521,CCONJ,,,
6,hice,1,522,VERB,0.0,-2.2479732663618064,89.0
6,las,2,523,DET,0.022988505747126436,-1.6283889300503116,87.0
6,maletas,3,524,NOUN,0.0,-2.2380461031287955,87.0
6,avisé,4,525,VERB,0.0,-2.2380461031287955,87.0
6,a,5,526,ADP,0.367816091954023,-0.23521271117433787,87.0
6,la,6,527,DET,0.14942528735632185,-0.7552883674241394,87.0
6,mucama,7,528,NOUN,0.022988505747126436,-1.6283889300503116,87.0
6,que,8,529,PRON,0.5517241379310345,0.09017663034908803,87.0
6,vendría,9,530,VERB,0.0,-2.2380461031287955,87.0
6,a,10,531,ADP,0.3563218390804598,-0.2568263331719277,87.0
6,instalarme,11,532,VERB,0.0,-2.2380461031287955,87.0
6,y,12,533,CCONJ,0.5632183908045977,0.11041248341170344,87.0
6,subí,13,534,VERB,0.0,-2.2380461031287955,87.0
6,en,14,535,ADP,0.0,-2.2380461031287955,87.0
6,el,15,536,DET,0.40229885057471265,-0.17193529928452347,87.0
6,ascensor,16,537,NOUN,0.3793103448275862,-0.21387981994508107,87.0
6,Todo,0,692,PRON,,,
6,es,1,693,AUX,0.12149532710280374,-0.8591845012928618,107.0
6,veloz,2,694,ADJ,0.009433962264150943,-2.0211892990699383,106.0
6,e,3,695,CCONJ,0.018867924528301886,-1.7160033436347992,106.0
6,higiénico,4,696,ADJ,0.009433962264150943,-2.0211892990699383,106.0
6,transcurre,5,697,VERB,0.018867924528301886,-1.7160033436347992,106.0
6,en,6,698,ADP,0.5471698113207547,0.08218675618735002,106.0
6,un,7,699,DET,0.3018867924528302,-0.36408174141107025,106.0
6,brevísimo,8,700,ADJ,0.0,-2.3242824552976926,106.0
6,instante,9,701,NOUN,0.3113207547169811,-0.3448089202425684,106.0
6,Mire,0,952,PROPN,,,
6,usted,1,953,PRON,0.11363636363636363,-0.8920946026904805,88.0
6,yo,2,954,PRON,0.13953488372093023,-0.7900504736833514,86.0
6,tenía,3,955,VERB,0.0,-2.232996110392154,86.0
6,perfectamente,4,956,ADV,0.0,-2.232996110392154,86.0
6,resuelto,5,957,VERB,0.011627906976744186,-1.9294189257142929,86.0
6,el,6,958,DET,0.5465116279069767,0.08103325090921823,86.0
6,problema,7,959,NOUN,0.3953488372093023,-0.18452442659254403,86.0
6,de,8,960,ADP,0.3023255813953488,-0.3631779024128257,86.0
6,los,9,961,DET,0.1744186046511628,-0.6751670896633941,86.0
6,conejitos,10,962,NOUN,0.046511627906976744,-1.3117538610557544,86.0
6,Al,0,1305,ADP,,,
6,cruzar,1,1306,VERB,0.0,-2.2528530309798933,90.0
6,el,2,1307,DET,0.16853932584269662,-0.693140460675295,89.0
6,tercer,3,1308,ADJ,0.0,-2.2479732663618064,89.0
6,piso,4,1309,NOUN,0.056179775280898875,-1.2253092817258628,89.0
6,el,5,1310,DET,0.0,-2.2479732663618064,89.0
6,conejito,6,1311,NOUN,0.0,-2.2479732663618064,89.0
6,se,7,1312,PRON,0.38202247191011235,-0.20888377245198872,89.0
6,movía,8,1313,VERB,0.02247191011235955,-1.6384892569546374,89.0
6,en,9,1314,ADP,0.02247191011235955,-1.6384892569546374,89.0
6,mi,10,1315,DET,0.02247191011235955,-1.6384892569546374,89.0
6,mano,11,1316,NOUN,0.1348314606741573,-0.8073094791248571,89.0
6,abierta,12,1317,ADJ,0.02247191011235955,-1.6384892569546374,89.0
6,Me,0,1675,PRON,,,
6,llevo,1,1676,VERB,0.0,-2.2576785748691846,91.0
6,las,2,1677,DET,0.04395604395604396,-1.3374592612906562,91.0
6,llaves,3,1678,NOUN,0.37362637362637363,-0.2243959386302363,91.0
6,del,4,1679,ADP,0.10989010989010989,-0.9084850188786497,91.0
6,dormitorio,5,1680,NOUN,0.0,-2.2576785748691846,91.0
6,al,6,1681,ADP,0.0,-2.2576785748691846,91.0
6,partir,7,1682,NOUN,0.0,-2.2576785748691846,91.0
6,a,8,1683,ADP,0.02197802197802198,-1.6483600109809315,91.0
6,mi,9,1684,DET,0.2857142857142857,-0.39794000867203766,91.0
6,empleo,10,1685,NOUN,0.0,-2.2576785748691846,91.0
6,Son,0,2158,AUX,,,
6,las,1,2159,DET,0.1724137931034483,-0.6812412373755872,87.0
6,tres,2,2160,NUM,0.06976744186046512,-1.1249387366083,86.0
6,de,3,2161,ADP,0.7674418604651163,0.5185139398778875,86.0
6,la,4,2162,DET,0.9534883720930233,1.3117538610557546,86.0
6,tarde,5,2163,NOUN,0.4883720930232558,-0.020203386088287,86.0
6,pero,6,2164,CCONJ,0.046511627906976744,-1.3117538610557544,86.0
6,le,7,2165,PRON,0.0,-2.232996110392154,86.0
6,escribo,8,2166,VERB,0.0,-2.232996110392154,86.0
6,en,9,2167,ADP,0.011627906976744186,-1.9294189257142929,86.0
6,la,10,2168,DET,0.1511627906976744,-0.7493795078136192,86.0
6,noche,11,2169,NOUN,0.2441860465116279,-0.4906940619089364,86.0
6,de,12,2170,ADP,0.12790697674418605,-0.8336685782334751,86.0
6,ellos,13,2171,PRON,0.011627906976744186,-1.9294189257142929,86.0
6,Interrumpí,0,2709,VERB,,,
6,esta,1,2710,DET,0.011111111111111112,-1.9493900066449128,90.0
6,carta,2,2711,NOUN,0.011235955056179775,-1.9444826721501687,89.0
6,porque,3,2712,SCONJ,0.06741573033707865,-1.1409268419924303,89.0
6,debía,4,2713,AUX,0.0,-2.2479732663618064,89.0
6,asistir,5,2714,VERB,0.0,-2.2479732663618064,89.0
6,a,6,2715,ADP,0.9101123595505618,1.0053950318867062,89.0
6,una,7,2716,DET,0.2247191011235955,-0.5378190950732742,89.0
6,tarea,8,2717,NOUN,0.0,-2.2479732663618064,89.0
6,de,9,2718,ADP,0.25842696629213485,-0.45781609952427577,89.0
6,comisiones,10,2719,NOUN,0.0,-2.2479732663618064,89.0
6,He,0,2989,AUX,,,
6,querido,1,2990,VERB,0.0,-2.2479732663618064,89.0
6,en,2,2991,ADP,0.0,-2.2479732663618064,89.0
6,vano,3,2992,NOUN,0.0,-2.2479732663618064,89.0
6,sacar,4,2993,VERB,0.0,-2.2479732663618064,89.0
6,los,5,2994,DET,0.0449438202247191,-1.3273589343863303,89.0
6,pelos,6,2995,NOUN,0.033707865168539325,-1.4573771965239053,89.0
6,que,7,2996,PRON,0.0449438202247191,-1.3273589343863303,89.0
6,estropean,8,2997,VERB,0.0,-2.2479732663618064,89.0
6,la,9,2998,DET,0.4943820224719101,-0.009759837289156264,89.0
6,alfombra,10,2999,NOUN,0.24719101123595505,-0.4836521218786203,89.0
6,Es,0,3022,AUX,,,
6,casi,1,3023,ADV,0.0,-2.173186268412274,75.0
6,extraño,2,3024,ADJ,0.0,-2.173186268412274,75.0
6,que,3,3025,PRON,0.6533333333333333,0.2752227320576957,75.0
6,no,4,3026,ADV,0.14666666666666667,-0.7647872888256622,75.0
6,me,5,3027,PRON,0.04,-1.380211241711606,75.0
6,importe,6,3028,VERB,0.02666666666666667,-1.5622928644564746,75.0
6,verlos,7,3029,VERB,0.0,-2.173186268412274,75.0
6,brincar,8,3030,VERB,0.0,-2.173186268412274,75.0
6,en,9,3031,ADP,0.36,-0.24987747321659987,75.0
6,busca,10,3032,NOUN,0.0,-2.173186268412274,75.0
6,de,11,3033,ADP,0.9466666666666667,1.2491983573911127,75.0
6,juguetes,12,3034,NOUN,0.013333333333333334,-1.8692317197309762,75.0
6,En,0,3069,ADP,,,
6,cuanto,1,3070,NOUN,0.0,-2.2278867046136734,85.0
6,a,2,3071,ADP,0.3373493975903614,-0.2932046581520247,83.0
6,mí,3,3072,PRON,0.12048192771084337,-0.8633228601204559,83.0
6,del,4,3073,ADP,0.0,-2.2174839442139063,83.0
6,diez,5,3074,NUM,0.0,-2.2174839442139063,83.0
6,al,6,3075,ADP,0.42168674698795183,-0.13717319302531153,83.0
6,once,7,3076,NUM,0.04819277108433735,-1.2955670999624789,83.0
6,hay,8,3077,AUX,0.07228915662650602,-1.1083394747888382,83.0
6,como,9,3078,SCONJ,0.0,-2.2174839442139063,83.0
6,un,10,3079,DET,0.4457831325301205,-0.09455610761457907,83.0
6,hueco,11,3080,NOUN,0.0,-2.2174839442139063,83.0
6,insuperable,12,3081,ADJ,0.0,-2.2174839442139063,83.0
6,Está,0,3133,VERB,,,
6,este,1,3134,DET,0.0,-2.2810333672477277,96.0
6,balcón,2,3135,NOUN,0.0,-2.271841606536499,94.0
6,sobre,3,3136,ADP,0.05319148936170213,-1.250420002308894,94.0
6,Suipacha,4,3137,PROPN,0.0,-2.271841606536499,94.0
6,lleno,5,3138,ADJ,0.010638297872340425,-1.9684829485539352,94.0
6,de,6,3139,ADP,0.9893617021276596,1.9684829485539368,94.0
6,alba,7,3140,NOUN,0.010638297872340425,-1.9684829485539352,94.0
6,los,8,3141,DET,0.031914893617021274,-1.4819201376014313,94.0
6,primeros,9,3142,ADJ,0.02127659574468085,-1.662757831681574,94.0
6,sonidos,10,3143,NOUN,0.02127659574468085,-1.662757831681574,94.0
6,de,11,3144,ADP,0.4574468085106383,-0.0741017205183499,94.0
6,la,12,3145,DET,0.7127659574468085,0.39471103854183903,94.0
6,ciudad,13,3146,NOUN,0.06382978723404255,-1.166331421766525,94.0
